nodeId,timeUtc,aqi,pm1MassConcCalib[ug/m3],pm1MassConcRaw[ug/m3],pm1NumConcRaw[#/cm^3],pm2_5MassConcCalib[ug/m3],pm2_5MassConcRaw[ug/m3],pm2_5NumConcRaw[#/cm^3],pm10MassConcCalib[ug/m3],pm10MassConcRaw[ug/m3],pm10NumConcRaw[#/cm^3],no2ConcCalib[ppb],no2ConcRaw[ppb],pmCoarseMassConcRaw[ug/m3],so2ConcRaw[ppb],o3ConcRaw[ppb],coConcRaw[ppb],noConcRaw[ppb],noxConcRaw[ppb],pressure[kPa],dewPoint[degC],internalTemperature[degC],internalRelHumidity[%],tVocConc[ppb],eCo2Conc[ppb],latitude,longitude
A4ZTW82Y,2019-06-10T03:00:00.000Z,86,,32.64,,28.68,48.14,80.01,,61.66,80.3,,,,,,,,,,,29.74,77.18,,,5.532084,-0.214926
A4ZTW82Y,2019-06-10T02:00:00.000Z,82,,30,,26.97,44.96,69.57,,58.1,69.85,,,,,,,,,,,29.73,77.15,,,5.532084,-0.214926
A4ZTW82Y,2019-06-10T01:00:00.000Z,82,,30.11,,26.77,44.58,69.91,,57.02,70.12,,,,,,,,,,,29.79,77.16,,,5.532084,-0.214926
A4ZTW82Y,2019-06-10T00:00:00.000Z,83,,30.95,,27.12,45.24,72.61,,58.05,72.89,,,,,,,,,,,29.75,77.11,,,5.532084,-0.214926
A4ZTW82Y,2019-06-09T23:00:00.000Z,85,,31.48,,28.07,47,76.39,,61.38,76.66,,,,,,,,,,,29.77,77.02,,,5.532084,-0.214926
A4ZTW82Y,2019-06-09T22:00:00.000Z,86,,32.52,,28.91,48.57,80.13,,62.05,80.47,,,,,,,,,,,29.77,76.94,,,5.532084,-0.214926
A4ZTW82Y,2019-06-09T20:00:00.000Z,88,,34.48,,29.78,50.19,89.43,,61.95,89.62,,,,,,,,,,,30,76.37,,,5.532084,-0.214926
A4ZTW82Y,2019-06-09T19:00:00.000Z,85,,31.9,,28.06,47,78.41,,60.39,78.67,,,,,,,,,,,30.05,76.07,,,5.532084,-0.214926
A4ZTW82Y,2019-06-09T17:00:00.000Z,79,,28.25,,25.22,41.69,62.08,,52.08,62.26,,,,,,,,,,,30.25,76.05,,,5.532084,-0.214926
A4ZTW82Y,2019-06-09T15:00:00.000Z,77,,27.5,,24.55,40.45,60.58,,50.93,60.78,,,,,,,,,,,30.14,76.3,,,5.532084,-0.214926
A4ZTW82Y,2019-06-09T14:00:00.000Z,76,,27.47,,23.9,39.24,59.38,,47.88,59.5,,,,,,,,,,,30.11,76.17,,,5.532084,-0.214926
A4ZTW82Y,2019-06-09T12:00:00.000Z,82,,30.24,,26.69,44.45,70.1,,56.69,70.35,,,,,,,,,,,29.92,76.23,,,5.532084,-0.214926
A4ZTW82Y,2019-06-09T10:00:00.000Z,86,,33,,28.6,48,82.82,,61.8,83.08,,,,,,,,,,,29.71,77.3,,,5.532084,-0.214926
A4ZTW82Y,2019-06-09T09:00:00.000Z,86,,33,,28.7,48.19,82.18,,60.38,82.35,,,,,,,,,,,29.51,77.71,,,5.532084,-0.214926
A4ZTW82Y,2019-06-09T07:00:00.000Z,98,,41.72,,34.47,58.93,106.15,,72.52,106.56,,,,,,,,,,,29.44,77.93,,,5.532084,-0.214926
A4ZTW82Y,2019-06-09T06:00:00.000Z,87,,33.04,,29.16,49.04,82.33,,64,82.67,,,,,,,,,,,29.28,77.95,,,5.532084,-0.214926
A4ZTW82Y,2019-06-09T04:00:00.000Z,83,,30.62,,27.42,45.8,71.91,,60.35,72.21,,,,,,,,,,,29.33,77.83,,,5.532084,-0.214926
A4ZTW82Y,2019-06-09T03:00:00.000Z,82,,30.48,,26.86,44.76,70.75,,56.62,70.98,,,,,,,,,,,29.48,77.57,,,5.532084,-0.214926
A4ZTW82Y,2019-06-09T02:00:00.000Z,83,,30.36,,27.11,45.22,70.58,,57.86,70.84,,,,,,,,,,,29.52,77.66,,,5.532084,-0.214926
A4ZTW82Y,2019-06-09T01:00:00.000Z,83,,30.52,,27.12,45.24,71.22,,58.81,71.47,,,,,,,,,,,29.44,77.69,,,5.532084,-0.214926
A4ZTW82Y,2019-06-09T00:00:00.000Z,81,,29.94,,26.55,44.18,69.7,,55,69.85,,,,,,,,,,,29.52,77.58,,,5.532084,-0.214926
A4ZTW82Y,2019-06-08T23:00:00.000Z,82,,30.36,,26.86,44.76,70.64,,57.05,70.86,,,,,,,,,,,29.82,77.34,,,5.532084,-0.214926
A4ZTW82Y,2019-06-08T22:00:00.000Z,82,,30.84,,26.92,44.86,72.31,,57.58,72.52,,,,,,,,,,,29.76,77.26,,,5.532084,-0.214926
A4ZTW82Y,2019-06-08T20:00:00.000Z,84,,32.52,,27.66,46.24,78.59,,58.52,78.86,,,,,,,,,,,29.79,77.13,,,5.532084,-0.214926
A4ZTW82Y,2019-06-08T18:00:00.000Z,79,,28.6,,25.27,41.79,64.45,,52.48,64.65,,,,,,,,,,,29.83,76.58,,,5.532084,-0.214926
A4ZTW82Y,2019-06-08T17:00:00.000Z,72,,24.81,,22.26,36.19,50.82,,46.26,51.02,,,,,,,,,,,29.8,76.52,,,5.532084,-0.214926
A4ZTW82Y,2019-06-08T16:00:00.000Z,72,,24,,21.88,35.47,48.84,,45.41,49.04,,,,,,,,,,,29.88,76.16,,,5.532084,-0.214926
A4ZTW82Y,2019-06-08T15:00:00.000Z,73,,25.41,,22.41,36.47,52.22,,45.29,52.38,,,,,,,,,,,29.73,76.24,,,5.532084,-0.214926
A4ZTW82Y,2019-06-08T10:00:00.000Z,92,,39.31,,31.58,53.55,103.93,,69.96,104.26,,,,,,,,,,,29.23,75.97,,,5.532084,-0.214926
A4ZTW82Y,2019-06-08T09:00:00.000Z,111,,49.82,,39.57,68.43,126.86,,77.11,127.24,,,,,,,,,,,29.11,75.92,,,5.532084,-0.214926
A4ZTW82Y,2019-06-08T06:00:00.000Z,142,,63.4,,52.1,91.78,161.47,,103.2,162.13,,,,,,,,,,,28.74,75.42,,,5.532084,-0.214926
A4ZTW82Y,2019-06-08T05:00:00.000Z,136,,58.82,,49.76,87.41,150.33,,99.47,151.05,,,,,,,,,,,28.66,75.32,,,5.532084,-0.214926
A4ZTW82Y,2019-06-08T04:00:00.000Z,105,,42,,37,63.65,108.11,,75.65,108.6,,,,,,,,,,,28.78,75.08,,,5.532084,-0.214926
A4ZTW82Y,2019-06-08T02:00:00.000Z,97,,39.8,,34.19,58.41,101.85,,72.65,102.27,,,,,,,,,,,28.65,75.18,,,5.532084,-0.214926
A4ZTW82Y,2019-06-08T01:00:00.000Z,92,,37.09,,31.56,53.52,96.86,,68.67,97.18,,,,,,,,,,,28.76,74.82,,,5.532084,-0.214926
A4ZTW82Y,2019-06-08T00:00:00.000Z,93,,38.14,,32.28,54.86,97.93,,69.05,98.25,,,,,,,,,,,28.72,74.77,,,5.532084,-0.214926
A4ZTW82Y,2019-06-07T23:00:00.000Z,87,,33.38,,29.19,49.1,85.83,,63.38,86.12,,,,,,,,,,,28.82,74.55,,,5.532084,-0.214926
A4ZTW82Y,2019-06-07T22:00:00.000Z,82,,30.74,,26.66,44.38,72.5,,56.57,72.75,,,,,,,,,,,28.81,74.47,,,5.532084,-0.214926
A4ZTW82Y,2019-06-07T21:00:00.000Z,77,,28.11,,24.42,40.21,63.25,,50.09,63.41,,,,,,,,,,,28.8,74.38,,,5.532084,-0.214926
A4ZTW82Y,2019-06-07T19:00:00.000Z,71,,23.6,,21.62,34.98,48.8,,44.42,48.99,,,,,,,,,,,28.33,74.32,,,5.532084,-0.214926
A4ZTW82Y,2019-06-07T17:00:00.000Z,81,,30.14,,26.47,44.02,70.2,,55.55,70.45,,,,,,,,,,,27.52,72.42,,,5.532084,-0.214926
A4ZTW82Y,2019-06-07T16:00:00.000Z,77,,26.98,,24.61,40.55,56.26,,51.94,56.52,,,,,,,,,,,26.28,68.74,,,5.532084,-0.214926
A4ZTW82Y,2019-06-07T14:00:00.000Z,83,,29.48,,27.53,46,64.89,,59.59,65.26,,,,,,,,,,,25.32,66.45,,,5.532084,-0.214926
A4ZTW82Y,2019-06-07T11:00:00.000Z,63,,16.36,,17.89,28.05,28.86,,38.44,29.14,,,,,,,,,,,23.22,56.87,,,5.532084,-0.214926
A4ZTW82Y,2019-06-07T09:00:00.000Z,59,,14.41,,16,24.53,27.42,,34.55,27.7,,,,,,,,,,,27.51,55.52,,,5.532084,-0.214926
A4ZTW82Y,2019-06-07T08:00:00.000Z,55,,12.84,,13.89,20.59,24.63,,29.85,24.87,,,,,,,,,,,29.02,75.66,,,5.532084,-0.214926
A4ZTW82Y,2019-06-07T07:00:00.000Z,55,,12.17,,13.78,20.39,23.4,,30.44,23.66,,,,,,,,,,,28.89,75.75,,,5.532084,-0.214926
A4ZTW82Y,2019-06-07T05:00:00.000Z,36,,5.12,,8.65,10.82,12.26,,18.29,12.45,,,,,,,,,,,28.83,75.88,,,5.532084,-0.214926
A4ZTW82Y,2019-06-07T04:00:00.000Z,36,,5.76,,8.65,10.82,12.62,,14,12.73,,,,,,,,,,,29.16,75.63,,,5.532084,-0.214926
A4ZTW82Y,2019-06-07T01:00:00.000Z,46,,9.1,,10.94,15.1,18.58,,22.18,18.72,,,,,,,,,,,29.72,75.31,,,5.532084,-0.214926
A4ZTW82Y,2019-06-06T23:00:00.000Z,79,,25.57,,25.25,41.76,55.53,,61.69,56.19,,,,,,,,,,,30.08,76.25,,,5.532084,-0.214926
A4ZTW82Y,2019-06-06T22:00:00.000Z,88,,30.71,,29.78,50.2,73.14,,73.32,73.99,,,,,,,,,,,30.11,76.13,,,5.532084,-0.214926
A4ZTW82Y,2019-06-06T21:00:00.000Z,92,,32.18,,31.69,53.75,78.35,,81.11,79.35,,,,,,,,,,,30.06,76.22,,,5.532084,-0.214926
A4ZTW82Y,2019-06-06T18:00:00.000Z,147,,56.02,,54.14,95.58,141.26,,124.75,142.62,,,,,,,,,,,30.52,75.5,,,5.532084,-0.214926
A4ZTW82Y,2019-06-06T17:00:00.000Z,76,,25.88,,24.04,39.49,56.11,,53.63,56.48,,,,,,,,,,,30.58,75.48,,,5.532084,-0.214926
A4ZTW82Y,2019-06-06T15:00:00.000Z,159,,78.74,,70.82,126.65,194.59,,150.56,195.86,,,,,,,,,,,30.37,74.6,,,5.532084,-0.214926
A4ZTW82Y,2019-06-06T14:00:00.000Z,80,,27.98,,26.01,43.17,64.57,,57.88,65.04,,,,,,,,,,,30.3,73.89,,,5.532084,-0.214926
A4ZTW82Y,2019-06-06T12:00:00.000Z,59,,16.95,,16.05,24.62,32.49,,31.57,32.66,,,,,,,,,,,29.86,71.2,,,5.532084,-0.214926
A4ZTW82Y,2019-06-06T11:00:00.000Z,63,,19.05,,17.89,28.05,34.93,,36.57,35.15,,,,,,,,,,,29.9,73.27,,,5.532084,-0.214926
A4ZTW82Y,2019-06-06T10:00:00.000Z,66,,20.41,,19.21,30.5,40.48,,38.55,40.72,,,,,,,,,,,29.57,73.19,,,5.532084,-0.214926
A4ZTW82Y,2019-06-06T09:00:00.000Z,73,,23.93,,22.57,36.77,51.96,,49.15,52.35,,,,,,,,,,,29.33,73.47,,,5.532084,-0.214926
A4ZTW82Y,2019-06-06T06:00:00.000Z,79,,27.2,,25.34,41.93,59.69,,59.07,60.24,,,,,,,,,,,29.28,76.54,,,5.532084,-0.214926
A4ZTW82Y,2019-06-06T05:00:00.000Z,80,,28.24,,26.05,43.24,63.94,,60.93,64.46,,,,,,,,,,,29.35,76.36,,,5.532084,-0.214926
A4ZTW82Y,2019-06-06T03:00:00.000Z,74,,23.24,,22.83,37.24,47.6,,51.87,48.04,,,,,,,,,,,29.37,76.36,,,5.532084,-0.214926
A4ZTW82Y,2019-06-06T02:00:00.000Z,72,,23,,22.31,36.27,46.76,,53.17,47.23,,,,,,,,,,,29.41,76.29,,,5.532084,-0.214926
A4ZTW82Y,2019-06-05T23:00:00.000Z,79,,26.39,,25.41,42.05,56.91,,62.33,57.5,,,,,,,,,,,29.61,76.16,,,5.532084,-0.214926
A4ZTW82Y,2019-06-05T22:00:00.000Z,130,,46,,47.24,82.73,118,,120.54,119.57,,,,,,,,,,,29.75,76.09,,,5.532084,-0.214926
A4ZTW82Y,2019-06-05T20:00:00.000Z,152,,57.67,,57.17,101.23,144.19,,143.4,146.06,,,,,,,,,,,29.89,76.12,,,5.532084,-0.214926
A4ZTW82Y,2019-06-05T19:00:00.000Z,148,,57.3,,54.55,96.35,141.16,,126.37,142.57,,,,,,,,,,,30.03,75.73,,,5.532084,-0.214926
A4ZTW82Y,2019-06-05T18:00:00.000Z,82,,27.59,,26.73,44.51,63.64,,58.38,64.19,,,,,,,,,,,30.09,75.63,,,5.532084,-0.214926
A4ZTW82Y,2019-06-05T17:00:00.000Z,44,,10.18,,10.57,14.41,19.52,,17.12,19.59,,,,,,,,,,,30.21,75.46,,,5.532084,-0.214926
A4ZTW82Y,2019-06-05T16:00:00.000Z,51,,11.88,,12.12,17.29,22.72,,20.41,22.79,,,,,,,,,,,30.01,75.54,,,5.532084,-0.214926
A4ZTW82Y,2019-06-05T14:00:00.000Z,64,,18,,18.28,28.76,34.87,,39.81,35.21,,,,,,,,,,,29.79,75.3,,,5.532084,-0.214926
A4ZTW82Y,2019-06-05T11:00:00.000Z,60,,17.47,,16.51,25.47,32.54,,32,32.76,,,,,,,,,,,29.41,74.62,,,5.532084,-0.214926
A4ZTW82Y,2019-06-05T10:00:00.000Z,71,,22.2,,21.46,34.69,45.03,,48.89,45.42,,,,,,,,,,,29.13,74.34,,,5.532084,-0.214926
A4ZTW82Y,2019-06-05T08:00:00.000Z,65,,19.65,,18.91,29.94,38.63,,40.24,38.9,,,,,,,,,,,28.81,73.76,,,5.532084,-0.214926
A4ZTW82Y,2019-06-05T07:00:00.000Z,91,,32,,31.14,52.73,78.3,,73.93,79.14,,,,,,,,,,,28.76,73.11,,,5.532084,-0.214926
A4ZTW82Y,2019-06-05T05:00:00.000Z,88,,29.84,,29.58,49.83,71.75,,70.96,72.63,,,,,,,,,,,28.81,72.63,,,5.532084,-0.214926
A4ZTW82Y,2019-06-05T03:00:00.000Z,95,,32.51,,33.03,56.24,81.22,,79.61,82.24,,,,,,,,,,,28.66,72.23,,,5.532084,-0.214926
A4ZTW82Y,2019-06-05T02:00:00.000Z,108,,37.17,,38.47,66.38,95.77,,91.59,97.03,,,,,,,,,,,28.73,71.54,,,5.532084,-0.214926
A4ZTW82Y,2019-06-04T23:00:00.000Z,105,,37.8,,37.3,64.21,95.78,,86.44,96.84,,,,,,,,,,,28.74,70.78,,,5.532084,-0.214926
A4ZTW82Y,2019-06-04T21:00:00.000Z,93,,32.68,,32.02,54.37,78.88,,71.71,79.64,,,,,,,,,,,28.48,70.49,,,5.532084,-0.214926
A4ZTW82Y,2019-06-04T20:00:00.000Z,95,,34.44,,32.95,56.1,81.71,,72.56,82.41,,,,,,,,,,,28.45,70.95,,,5.532084,-0.214926
A4ZTW82Y,2019-06-04T19:00:00.000Z,87,,30.43,,29.03,48.8,71.06,,66.05,71.67,,,,,,,,,,,27.91,70.61,,,5.532084,-0.214926
A4ZTW82Y,2019-06-04T17:00:00.000Z,76,,25.74,,24.03,39.47,54.9,,51.58,55.25,,,,,,,,,,,26.67,69.57,,,5.532084,-0.214926
A4ZTW82Y,2019-06-04T16:00:00.000Z,109,,42.82,,38.78,66.97,105.95,,83.02,106.65,,,,,,,,,,,25.02,66.38,,,5.532084,-0.214926
A4ZTW82Y,2019-06-04T15:00:00.000Z,63,,17.24,,18.03,28.29,31.61,,32.71,31.79,,,,,,,,,,,24,49.7,,,5.532084,-0.214926
A4ZTW82Y,2019-06-04T13:00:00.000Z,56,,15.24,,14.46,21.65,28.1,,26.65,28.26,,,,,,,,,,,28.49,48.04,,,5.532084,-0.214926
A4ZTW82Y,2019-06-04T12:00:00.000Z,57,,14.76,,14.81,22.29,28.19,,25.18,28.3,,,,,,,,,,,29.04,46.25,,,5.532084,-0.214926
A4ZTW82Y,2019-06-04T11:00:00.000Z,51,,12.53,,12.15,17.35,25.09,,20.29,25.16,,,,,,,,,,,29.1,51.11,,,5.532084,-0.214926
A4ZTW82Y,2019-06-04T09:00:00.000Z,62,,18.68,,17.49,27.29,35.2,,32.56,35.36,,,,,,,,,,,29.98,60.51,,,5.532084,-0.214926
A4ZTW82Y,2019-06-04T08:00:00.000Z,72,,23.29,,22.14,35.95,48.36,,47.81,48.66,,,,,,,,,,,30.27,71.94,,,5.532084,-0.214926
A4ZTW82Y,2019-06-04T06:00:00.000Z,63,,18.93,,17.97,28.2,35.93,,37.02,36.14,,,,,,,,,,,29.99,70.53,,,5.532084,-0.214926
A4ZTW82Y,2019-06-04T04:00:00.000Z,56,,14.48,,14.62,21.95,27.3,,28.24,27.53,,,,,,,,,,,29.79,70.52,,,5.532084,-0.214926
A4ZTW82Y,2019-06-04T03:00:00.000Z,56,,14.1,,14.42,21.57,27.61,,28.1,27.8,,,,,,,,,,,29.93,70.04,,,5.532084,-0.214926
A4ZTW82Y,2019-06-04T02:00:00.000Z,55,,13.75,,13.78,20.39,26.18,,24.75,26.28,,,,,,,,,,,29.76,70.26,,,5.532084,-0.214926
A4ZTW82Y,2019-06-04T01:00:00.000Z,55,,14.24,,14.21,21.18,27.36,,27.94,27.55,,,,,,,,,,,29.64,70,,,5.532084,-0.214926
A4ZTW82Y,2019-06-03T23:00:00.000Z,56,,14.91,,14.51,21.74,28.48,,24.26,28.57,,,,,,,,,,,29.71,69.25,,,5.532084,-0.214926
A4ZTW82Y,2019-06-03T22:00:00.000Z,57,,16.53,,14.99,22.65,30.63,,26.41,30.74,,,,,,,,,,,29.65,68.82,,,5.532084,-0.214926
A4ZTW82Y,2019-06-03T21:00:00.000Z,62,,17.88,,17.52,27.35,33.13,,32.84,33.3,,,,,,,,,,,29.49,68.23,,,5.532084,-0.214926
A4ZTW82Y,2019-06-03T20:00:00.000Z,67,,20.48,,19.84,31.67,38.78,,40.9,39.06,,,,,,,,,,,29.28,66.41,,,5.532084,-0.214926
A4ZTW82Y,2019-06-03T19:00:00.000Z,59,,16.78,,16.14,24.78,31.5,,29.25,31.64,,,,,,,,,,,29.15,65.27,,,5.532084,-0.214926
A4ZTW82Y,2019-06-03T16:00:00.000Z,54,,13.44,,13.53,19.91,25.88,,25.32,25.99,,,,,,,,,,,27.61,51.67,,,5.532084,-0.214926
A4ZTW82Y,2019-06-03T15:00:00.000Z,58,,16,,15.37,23.35,28.97,,30.65,29.15,,,,,,,,,,,27.46,44.81,,,5.532084,-0.214926
A4ZTW82Y,2019-06-03T14:00:00.000Z,58,,15,,15.26,23.14,28.83,,32.14,29.06,,,,,,,,,,,27.9,45,,,5.532084,-0.214926
A4ZTW82Y,2019-06-03T13:00:00.000Z,59,,15.29,,15.85,24.24,28.69,,30.06,28.87,,,,,,,,,,,28.24,44.55,,,5.532084,-0.214926
A4ZTW82Y,2019-06-03T11:00:00.000Z,62,,18.24,,17.48,27.29,33.4,,35.86,33.62,,,,,,,,,,,29.4,46.55,,,5.532084,-0.214926
A4ZTW82Y,2019-06-03T10:00:00.000Z,55,,15.35,,13.89,20.59,29.2,,28.18,29.35,,,,,,,,,,,30.24,61.49,,,5.532084,-0.214926
A4ZTW82Y,2019-06-03T09:00:00.000Z,66,,20.63,,19.14,30.37,40.49,,38.81,40.69,,,,,,,,,,,30.39,70.33,,,5.532084,-0.214926
A4ZTW82Y,2019-06-03T07:00:00.000Z,71,,22.72,,21.72,35.17,46.01,,47.69,46.33,,,,,,,,,,,30.2,73.45,,,5.532084,-0.214926
A4ZTW82Y,2019-06-03T06:00:00.000Z,69,,21.61,,20.44,32.79,42.45,,46.57,42.78,,,,,,,,,,,30.22,73.31,,,5.532084,-0.214926
A4ZTW82Y,2019-06-03T05:00:00.000Z,67,,20.2,,19.87,31.72,38.55,,47.07,38.94,,,,,,,,,,,30.23,73.41,,,5.532084,-0.214926
A4ZTW82Y,2019-06-03T01:00:00.000Z,59,,16,,16.13,24.76,30.24,,28.53,30.4,,,,,,,,,,,30.39,73.33,,,5.532084,-0.214926
A4ZTW82Y,2019-06-03T00:00:00.000Z,60,,16.29,,16.32,25.12,30.75,,36.82,31.04,,,,,,,,,,,30.45,73.23,,,5.532084,-0.214926
A4ZTW82Y,2019-06-02T22:00:00.000Z,61,,17.24,,16.91,26.21,32.02,,34.9,32.21,,,,,,,,,,,30.61,73.18,,,5.532084,-0.214926
A4ZTW82Y,2019-06-02T21:00:00.000Z,61,,17.15,,16.82,26.04,31.89,,33.44,32.08,,,,,,,,,,,30.55,73.09,,,5.532084,-0.214926
A4ZTW82Y,2019-06-02T20:00:00.000Z,61,,16.76,,16.67,25.76,31.37,,35.76,31.57,,,,,,,,,,,30.5,72.77,,,5.532084,-0.214926
A4ZTW82Y,2019-06-02T19:00:00.000Z,59,,15.76,,16.13,24.76,29.41,,33.29,29.65,,,,,,,,,,,30.68,71.84,,,5.532084,-0.214926
A4ZTW82Y,2019-06-02T17:00:00.000Z,59,,15.26,,15.82,24.19,28.31,,31.86,28.53,,,,,,,,,,,32.18,68.19,,,5.532084,-0.214926
A4ZTW82Y,2019-06-02T15:00:00.000Z,56,,14.65,,14.69,22.09,27.42,,28.41,27.6,,,,,,,,,,,34.14,63.79,,,5.532084,-0.214926
A4ZTW82Y,2019-06-02T13:00:00.000Z,64,,16.48,,18.15,28.52,32,,45.76,32.45,,,,,,,,,,,29.56,72.62,,,5.532084,-0.214926
A4ZTW82Y,2019-06-02T11:00:00.000Z,66,,17.42,,19.03,30.16,33.86,,49.41,34.33,,,,,,,,,,,29.49,72.33,,,5.532084,-0.214926
A4ZTW82Y,2019-06-02T10:00:00.000Z,58,,15.59,,15.28,23.18,29.28,,32.53,29.46,,,,,,,,,,,29.38,71.99,,,5.532084,-0.214926
A4ZTW82Y,2019-06-02T08:00:00.000Z,54,,13.02,,13.45,19.76,26.2,,27.8,26.38,,,,,,,,,,,29.39,71.78,,,5.532084,-0.214926
A4ZTW82Y,2019-06-02T07:00:00.000Z,53,,12.71,,12.91,18.76,24.52,,24.76,24.69,,,,,,,,,,,29.17,72.02,,,5.532084,-0.214926
A4ZTW82Y,2019-06-02T05:00:00.000Z,45,,9.76,,10.76,14.76,19.77,,18.88,19.86,,,,,,,,,,,29.18,72.07,,,5.532084,-0.214926
A4ZTW82Y,2019-06-02T04:00:00.000Z,47,,8.67,,11.35,15.86,19.77,,25.57,20.05,,,,,,,,,,,29.2,72.14,,,5.532084,-0.214926
A4ZTW82Y,2019-06-02T03:00:00.000Z,44,,8.82,,10.64,14.53,18.62,,19.29,18.76,,,,,,,,,,,29.26,72.01,,,5.532084,-0.214926
A4ZTW82Y,2019-06-02T01:00:00.000Z,42,,8.59,,10.2,13.71,17.93,,19.65,18.08,,,,,,,,,,,29.47,71.94,,,5.532084,-0.214926
A4ZTW82Y,2019-06-02T00:00:00.000Z,47,,9.24,,11.33,15.82,19.47,,22.53,19.66,,,,,,,,,,,29.4,71.97,,,5.532084,-0.214926
A4ZTW82Y,2019-06-01T23:00:00.000Z,45,,8.06,,10.8,14.82,17.77,,20.35,17.91,,,,,,,,,,,29.34,72.1,,,5.532084,-0.214926
A4ZTW82Y,2019-06-01T21:00:00.000Z,35,,6.94,,8.36,10.29,14.51,,14.12,14.61,,,,,,,,,,,29.33,71.97,,,5.532084,-0.214926
A4ZTW82Y,2019-06-01T19:00:00.000Z,37,,7.29,,8.95,11.38,15.58,,13.71,15.67,,,,,,,,,,,29.54,71.86,,,5.532084,-0.214926
A4ZTW82Y,2019-06-01T18:00:00.000Z,33,,6.53,,7.99,9.59,14.69,,13.18,14.78,,,,,,,,,,,29.51,71.22,,,5.532084,-0.214926
A4ZTW82Y,2019-06-01T17:00:00.000Z,34,,6.88,,8.27,10.12,15.34,,12.12,15.42,,,,,,,,,,,29.59,71.09,,,5.532084,-0.214926
A4ZTW82Y,2019-06-01T16:00:00.000Z,38,,7.71,,9.09,11.65,16.31,,14.59,16.38,,,,,,,,,,,29.58,70.87,,,5.532084,-0.214926
A4ZTW82Y,2019-06-01T13:00:00.000Z,56,,13.16,,14.42,21.58,25.5,,31.74,25.74,,,,,,,,,,,29.55,69.41,,,5.532084,-0.214926
A4ZTW82Y,2019-06-01T11:00:00.000Z,67,,19.4,,19.55,31.14,36.59,,43.49,36.92,,,,,,,,,,,29.63,68.36,,,5.532084,-0.214926
A4ZTW82Y,2019-06-01T10:00:00.000Z,65,,18.5,,18.6,29.37,34.78,,41.48,35.11,,,,,,,,,,,29.46,68.03,,,5.532084,-0.214926
A4ZTW82Y,2019-06-01T09:00:00.000Z,62,,16.08,,17.22,26.8,30.53,,37.75,30.84,,,,,,,,,,,29.35,67.7,,,5.532084,-0.214926
A4ZTW82Y,2019-06-01T08:00:00.000Z,54,,12.47,,13.51,19.88,24.04,,22.29,24.19,,,,,,,,,,,29.13,67.2,,,5.532084,-0.214926
A4ZTW82Y,2019-06-01T07:00:00.000Z,48,,10.38,,11.52,16.18,20.36,,20.44,20.48,,,,,,,,,,,29.25,66.63,,,5.532084,-0.214926
A4ZTW82Y,2019-06-01T06:00:00.000Z,46,,10.53,,11.05,15.29,19.97,,17.47,20.04,,,,,,,,,,,29.24,66.61,,,5.532084,-0.214926
A4ZTW82Y,2019-06-01T05:00:00.000Z,37,,7.24,,8.87,11.24,14.49,,17.76,14.59,,,,,,,,,,,29.21,66.61,,,5.532084,-0.214926
A4ZTW82Y,2019-06-01T04:00:00.000Z,42,,6.74,,10.04,13.41,15.23,,21.38,15.44,,,,,,,,,,,29.18,66.71,,,5.532084,-0.214926
A4ZTW82Y,2019-06-01T02:00:00.000Z,42,,7.24,,10.04,13.41,15.42,,21.59,15.62,,,,,,,,,,,29.07,67.23,,,5.532084,-0.214926
A4ZTW82Y,2019-06-01T01:00:00.000Z,36,,5.18,,8.71,10.94,12.1,,16.41,12.29,,,,,,,,,,,29.1,67.39,,,5.532084,-0.214926
A4ZTW82Y,2019-06-01T00:00:00.000Z,37,,6.71,,8.87,11.24,13.88,,15,13.96,,,,,,,,,,,29.24,67.37,,,5.532084,-0.214926
A4ZTW82Y,2019-05-31T23:00:00.000Z,36,,5.74,,8.55,10.65,13.12,,15.03,13.23,,,,,,,,,,,29.23,67.35,,,5.532084,-0.214926
A4ZTW82Y,2019-05-31T22:00:00.000Z,36,,6.47,,8.73,10.98,13.85,,16.51,13.99,,,,,,,,,,,29.18,66.75,,,5.532084,-0.214926
A4ZTW82Y,2019-05-31T21:00:00.000Z,34,,5.49,,8.21,10,12.43,,14,12.54,,,,,,,,,,,29.27,65.99,,,5.532084,-0.214926
A4ZTW82Y,2019-05-31T19:00:00.000Z,34,,5.75,,8.16,9.92,13.13,,13.69,13.26,,,,,,,,,,,29.09,64.4,,,5.532084,-0.214926
A4ZTW82Y,2019-05-31T18:00:00.000Z,35,,6.71,,8.33,10.24,13.22,,13.76,13.3,,,,,,,,,,,29,62.23,,,5.532084,-0.214926
A4ZTW82Y,2019-05-31T17:00:00.000Z,29,,4.35,,6.85,7.47,10.44,,11.18,10.53,,,,,,,,,,,28.88,60.92,,,5.532084,-0.214926
A4ZTW82Y,2019-05-31T16:00:00.000Z,26,,3.85,,6.15,6.18,9.08,,10.18,9.17,,,,,,,,,,,28.81,59.24,,,5.532084,-0.214926
A4ZTW82Y,2019-05-31T15:00:00.000Z,28,,3.53,,6.63,7.06,9.75,,12.18,9.87,,,,,,,,,,,28.85,58.5,,,5.532084,-0.214926
A4ZTW82Y,2019-05-31T14:00:00.000Z,29,,4.09,,7.01,7.76,10.38,,11.29,10.47,,,,,,,,,,,28.51,57.17,,,5.532084,-0.214926
A4ZTW82Y,2019-05-31T13:00:00.000Z,31,,5.21,,7.56,8.79,12.14,,11.56,12.23,,,,,,,,,,,28.58,54.87,,,5.532084,-0.214926
A4ZTW82Y,2019-05-31T12:00:00.000Z,34,,6.38,,8.13,9.85,13.83,,13.24,13.91,,,,,,,,,,,28.63,52.97,,,5.532084,-0.214926
A4ZTW82Y,2019-05-31T09:00:00.000Z,43,,9.24,,10.39,14.06,19.33,,17.94,19.41,,,,,,,,,,,29.21,56.04,,,5.532084,-0.214926
A4ZTW82Y,2019-05-31T07:00:00.000Z,40,,8.29,,9.66,12.71,18.1,,15.71,18.18,,,,,,,,,,,29.54,63.49,,,5.532084,-0.214926
A4ZTW82Y,2019-05-31T06:00:00.000Z,37,,7.47,,8.81,11.12,16.48,,15,16.58,,,,,,,,,,,29.56,62.04,,,5.532084,-0.214926
A4ZTW82Y,2019-05-31T05:00:00.000Z,34,,6.41,,8.2,9.98,14.85,,13.22,14.92,,,,,,,,,,,29.44,60.9,,,5.532084,-0.214926
A4ZTW82Y,2019-05-31T04:00:00.000Z,26,,4.26,,6.22,6.29,10.53,,8.79,10.58,,,,,,,,,,,29.42,59.97,,,5.532084,-0.214926
A4ZTW82Y,2019-05-31T03:00:00.000Z,22,,2.94,,5.33,4.65,8.05,,6.35,8.1,,,,,,,,,,,29.34,59.44,,,5.532084,-0.214926
A4ZTW82Y,2019-05-31T02:00:00.000Z,22,,3.47,,5.4,4.76,8.97,,7.59,9.01,,,,,,,,,,,29.42,59.81,,,5.532084,-0.214926
A4ZTW82Y,2019-05-31T00:00:00.000Z,20,,2,,4.8,3.65,7.01,,5.62,7.03,,,,,,,,,,,29.46,60.94,,,5.532084,-0.214926
A4ZTW82Y,2019-05-30T23:00:00.000Z,20,,2.29,,4.77,3.59,7.15,,5.29,7.17,,,,,,,,,,,29.55,61.25,,,5.532084,-0.214926
A4ZTW82Y,2019-05-30T22:00:00.000Z,21,,2.26,,5.03,4.09,7.49,,6.21,7.53,,,,,,,,,,,29.49,61.47,,,5.532084,-0.214926
A4ZTW82Y,2019-05-30T20:00:00.000Z,22,,3.24,,5.24,4.47,8.56,,7.29,8.6,,,,,,,,,,,29.52,61.44,,,5.532084,-0.214926
A4ZTW82Y,2019-05-30T19:00:00.000Z,22,,2.9,,5.18,4.35,8.51,,6.49,8.56,,,,,,,,,,,29.58,62.03,,,5.532084,-0.214926
A4ZTW82Y,2019-05-30T17:00:00.000Z,19,,1.62,,4.45,3,6.3,,6,6.36,,,,,,,,,,,29.68,62.74,,,5.532084,-0.214926
A4ZTW82Y,2019-05-30T16:00:00.000Z,19,,1.59,,4.56,3.21,6.4,,5.47,6.45,,,,,,,,,,,29.81,63.98,,,5.532084,-0.214926
A4ZTW82Y,2019-05-30T14:00:00.000Z,41,,7,,9.85,13.06,14.94,,18,15.09,,,,,,,,,,,29.48,68.78,,,5.532084,-0.214926
A4ZTW82Y,2019-05-30T13:00:00.000Z,23,,2.53,,5.55,5.06,7.69,,9.06,7.77,,,,,,,,,,,28.86,66.42,,,5.532084,-0.214926
A4ZTW82Y,2019-05-30T11:00:00.000Z,45,,9.94,,10.73,14.71,20.21,,23.88,20.34,,,,,,,,,,,29.18,54.48,,,5.532084,-0.214926
A4ZTW82Y,2019-05-30T10:00:00.000Z,41,,8.76,,9.79,12.94,18.2,,15.24,18.27,,,,,,,,,,,29.42,56.29,,,5.532084,-0.214926
A4ZTW82Y,2019-05-30T09:00:00.000Z,43,,9.71,,10.35,14,19.35,,20.53,19.44,,,,,,,,,,,29.86,60.55,,,5.532084,-0.214926
A4ZTW82Y,2019-05-30T06:00:00.000Z,59,,15.71,,15.7,23.95,29.86,,34.38,30.15,,,,,,,,,,,29.76,69.22,,,5.532084,-0.214926
A4ZTW82Y,2019-05-30T05:00:00.000Z,49,,9.88,,11.65,16.41,20.41,,21.76,20.58,,,,,,,,,,,29.7,68.34,,,5.532084,-0.214926
A4ZTW82Y,2019-05-30T04:00:00.000Z,45,,9.53,,10.8,14.82,19.38,,18.53,19.48,,,,,,,,,,,29.64,68.39,,,5.532084,-0.214926
A4ZTW82Y,2019-05-30T03:00:00.000Z,42,,8.76,,10.16,13.65,18.52,,16.76,18.62,,,,,,,,,,,29.65,68.13,,,5.532084,-0.214926
A4ZTW82Y,2019-05-30T01:00:00.000Z,49,,11.97,,11.87,16.82,23.4,,20.44,23.51,,,,,,,,,,,29.64,66.68,,,5.532084,-0.214926
A4ZTW82Y,2019-05-29T22:00:00.000Z,50,,11.59,,11.88,16.85,23.15,,20.43,23.26,,,,,,,,,,,29.77,65.29,,,5.532084,-0.214926
A4ZTW82Y,2019-05-29T21:00:00.000Z,42,,9.65,,10.17,13.67,19.89,,16.88,19.98,,,,,,,,,,,29.86,64.84,,,5.532084,-0.214926
A4ZTW82Y,2019-05-29T20:00:00.000Z,42,,9.35,,10.05,13.44,19.46,,16.5,19.56,,,,,,,,,,,29.65,64.85,,,5.532084,-0.214926
A4ZTW82Y,2019-05-29T18:00:00.000Z,36,,7.24,,8.62,10.76,15.87,,13.41,15.94,,,,,,,,,,,29.58,64.26,,,5.532084,-0.214926
A4ZTW82Y,2019-05-29T17:00:00.000Z,29,,5.15,,6.93,7.62,11.84,,9.74,11.89,,,,,,,,,,,29.47,64.4,,,5.532084,-0.214926
A4ZTW82Y,2019-05-29T16:00:00.000Z,33,,5.88,,8.03,9.68,12.84,,14.5,12.97,,,,,,,,,,,29.44,63.81,,,5.532084,-0.214926
A4ZTW82Y,2019-05-29T14:00:00.000Z,26,,3.24,,6.19,6.24,9.27,,10.53,9.37,,,,,,,,,,,29.26,61.2,,,5.532084,-0.214926
A4ZTW82Y,2019-05-29T13:00:00.000Z,25,,3.82,,6.06,6,10.01,,8.71,10.07,,,,,,,,,,,29.4,57.48,,,5.532084,-0.214926
A4ZTW82Y,2019-05-29T11:00:00.000Z,27,,4,,6.47,6.76,10.71,,8.94,10.77,,,,,,,,,,,28.96,48.62,,,5.532084,-0.214926
A4ZTW82Y,2019-05-29T10:00:00.000Z,36,,6.47,,8.71,10.94,14.96,,16.47,15.11,,,,,,,,,,,29.54,53.2,,,5.532084,-0.214926
A4ZTW82Y,2019-05-29T09:00:00.000Z,37,,7.5,,8.83,11.17,15.45,,15.3,15.57,,,,,,,,,,,29.51,57.19,,,5.532084,-0.214926
A4ZTW82Y,2019-05-29T07:00:00.000Z,43,,9.18,,10.32,13.94,18.97,,16.94,19.05,,,,,,,,,,,29.73,63.49,,,5.532084,-0.214926
A4ZTW82Y,2019-05-29T05:00:00.000Z,33,,6.74,,8.02,9.65,14.88,,12.56,14.94,,,,,,,,,,,29.81,66.09,,,5.532084,-0.214926
A4ZTW82Y,2019-05-29T03:00:00.000Z,43,,9.24,,10.27,13.85,19.59,,18.5,19.71,,,,,,,,,,,29.97,65.53,,,5.532084,-0.214926
A4ZTW82Y,2019-05-29T02:00:00.000Z,47,,9.79,,11.21,15.59,20.34,,20.38,20.47,,,,,,,,,,,29.9,65.35,,,5.532084,-0.214926
A4ZTW82Y,2019-05-29T01:00:00.000Z,36,,7.12,,8.68,10.88,16.29,,15.18,16.37,,,,,,,,,,,29.83,65.18,,,5.532084,-0.214926
A4ZTW82Y,2019-05-28T23:00:00.000Z,16,,1,,3.91,2,5.03,,3.47,5.06,,,,,,,,,,,29.79,64.25,,,5.532084,-0.214926
A4ZTW82Y,2019-05-28T22:00:00.000Z,16,,0.74,,3.83,1.85,4.74,,3.38,4.78,,,,,,,,,,,30.04,64.63,,,5.532084,-0.214926
A4ZTW82Y,2019-05-28T19:00:00.000Z,18,,1.47,,4.32,2.76,6.24,,5.18,6.29,,,,,,,,,,,30.17,64.56,,,5.532084,-0.214926
A4ZTW82Y,2019-05-28T18:00:00.000Z,17,,1.31,,4.09,2.33,5.67,,4.04,5.72,,,,,,,,,,,29.97,64.57,,,5.532084,-0.214926
A4ZTW82Y,2019-05-28T17:00:00.000Z,15,,0.59,,3.53,1.29,4.56,,2.53,4.58,,,,,,,,,,,29.82,62.82,,,5.532084,-0.214926
A4ZTW82Y,2019-05-28T16:00:00.000Z,20,,1.74,,4.7,3.47,6.15,,5.18,6.2,,,,,,,,,,,29.8,59.48,,,5.532084,-0.214926
A4ZTW82Y,2019-05-28T15:00:00.000Z,20,,2.06,,4.82,3.69,6.76,,6.47,6.83,,,,,,,,,,,29.61,59.17,,,5.532084,-0.214926
A4ZTW82Y,2019-05-28T14:00:00.000Z,23,,2.53,,5.55,5.06,7.78,,7.32,7.85,,,,,,,,,,,29.23,58.67,,,5.532084,-0.214926
A4ZTW82Y,2019-05-28T13:00:00.000Z,23,,2.82,,5.57,5.09,8.08,,8.35,8.14,,,,,,,,,,,29.1,57.79,,,5.532084,-0.214926
A4ZTW82Y,2019-05-28T12:00:00.000Z,26,,3.43,,6.12,6.12,9.51,,9.31,9.6,,,,,,,,,,,28.98,57.02,,,5.532084,-0.214926
A4ZTW82Y,2019-05-28T11:00:00.000Z,29,,4.9,,6.84,7.46,11.46,,10.09,11.52,,,,,,,,,,,28.86,55.45,,,5.532084,-0.214926
A4ZTW82Y,2019-05-28T10:00:00.000Z,30,,4.97,,7.26,8.24,12.23,,10.76,12.31,,,,,,,,,,,28.79,56.33,,,5.532084,-0.214926
A4ZTW82Y,2019-05-28T09:00:00.000Z,32,,6.24,,7.75,9.16,13.95,,11.73,14.02,,,,,,,,,,,28.92,57.48,,,5.532084,-0.214926
A4ZTW82Y,2019-05-28T08:00:00.000Z,29,,5.41,,6.88,7.53,12.83,,9.5,12.87,,,,,,,,,,,28.49,61.43,,,5.532084,-0.214926
A4ZTW82Y,2019-05-28T07:00:00.000Z,31,,5.62,,7.51,8.71,13.01,,13.68,13.11,,,,,,,,,,,28.01,59.17,,,5.532084,-0.214926
A4ZTW82Y,2019-05-28T05:00:00.000Z,25,,3.73,,5.96,5.82,9.35,,8.04,9.38,,,,,,,,,,,28.12,52.53,,,5.532084,-0.214926
A4ZTW82Y,2019-05-28T04:00:00.000Z,25,,3.65,,5.95,5.79,8.96,,7.53,9.01,,,,,,,,,,,28.13,52.78,,,5.532084,-0.214926
A4ZTW82Y,2019-05-28T01:00:00.000Z,36,,6.93,,8.74,11,14.9,,14.44,15,,,,,,,,,,,28.17,52.48,,,5.532084,-0.214926
A4ZTW82Y,2019-05-27T23:00:00.000Z,39,,8.18,,9.47,12.35,17.23,,16.06,17.31,,,,,,,,,,,28.13,52.15,,,5.532084,-0.214926
A4ZTW82Y,2019-05-27T22:00:00.000Z,45,,9.68,,10.89,15,20.01,,19.21,20.13,,,,,,,,,,,28.07,51.46,,,5.532084,-0.214926
A4ZTW82Y,2019-05-27T21:00:00.000Z,38,,7.06,,9.19,11.82,15.06,,15.35,15.19,,,,,,,,,,,28.1,49.82,,,5.532084,-0.214926
A4ZTW82Y,2019-05-27T20:00:00.000Z,33,,6.06,,7.92,9.47,13.41,,13.82,13.48,,,,,,,,,,,28.09,49.47,,,5.532084,-0.214926
A4ZTW82Y,2019-05-27T19:00:00.000Z,33,,6,,7.99,9.59,13.39,,13.18,13.46,,,,,,,,,,,28.02,44.09,,,5.532084,-0.214926
A4ZTW82Y,2019-05-27T18:00:00.000Z,34,,5.53,,8.08,9.76,12.2,,13.41,12.31,,,,,,,,,,,28.66,41.59,,,5.532084,-0.214926
A4ZTW82Y,2019-05-27T17:00:00.000Z,33,,5.51,,7.9,9.42,12.29,,12.8,12.38,,,,,,,,,,,29.09,42.73,,,5.532084,-0.214926
A4ZTW82Y,2019-05-27T16:00:00.000Z,29,,4.35,,7.02,7.79,10.7,,10.53,10.78,,,,,,,,,,,29.85,49.89,,,5.532084,-0.214926
A4ZTW82Y,2019-05-27T15:00:00.000Z,27,,4.24,,6.56,6.94,10.08,,9.29,10.14,,,,,,,,,,,30.39,54.59,,,5.532084,-0.214926
A4ZTW82Y,2019-05-27T14:00:00.000Z,37,,7.35,,8.87,11.24,15.05,,14.97,15.16,,,,,,,,,,,30.5,63.92,,,5.532084,-0.214926
A4ZTW82Y,2019-05-27T13:00:00.000Z,28,,4.47,,6.81,7.39,10.84,,10.49,10.92,,,,,,,,,,,30.34,66.99,,,5.532084,-0.214926
A4ZTW82Y,2019-05-27T12:00:00.000Z,30,,4.24,,7.13,8,10.38,,14.18,10.52,,,,,,,,,,,30.35,69.03,,,5.532084,-0.214926
A4ZTW82Y,2019-05-27T11:00:00.000Z,40,,7.27,,9.52,12.45,16.12,,17.51,16.27,,,,,,,,,,,30.68,66.61,,,5.532084,-0.214926
A4ZTW82Y,2019-05-27T10:00:00.000Z,47,,10.24,,11.29,15.75,20.56,,22.65,20.69,,,,,,,,,,,30.52,52.21,,,5.532084,-0.214926
A4ZTW82Y,2019-05-27T08:00:00.000Z,66,,18.47,,19.04,30.18,35.27,,42.82,35.6,,,,,,,,,,,30.72,69.39,,,5.532084,-0.214926
A4ZTW82Y,2019-05-27T07:00:00.000Z,54,,12,,13.35,19.59,24.01,,28.12,24.2,,,,,,,,,,,30.62,69.4,,,5.532084,-0.214926
A4ZTW82Y,2019-05-27T05:00:00.000Z,46,,10.06,,11.13,15.45,19.78,,21.98,19.93,,,,,,,,,,,30.6,68.09,,,5.532084,-0.214926
A4ZTW82Y,2019-05-27T03:00:00.000Z,37,,5.82,,8.96,11.41,13.61,,16.06,13.75,,,,,,,,,,,30.48,68.91,,,5.532084,-0.214926
A4ZTW82Y,2019-05-27T02:00:00.000Z,29,,4.53,,6.98,7.71,10.56,,13.12,10.67,,,,,,,,,,,30.64,69.9,,,5.532084,-0.214926
A4ZTW82Y,2019-05-27T00:00:00.000Z,35,,6.47,,8.46,10.47,12.65,,15.24,12.76,,,,,,,,,,,30.61,70.86,,,5.532084,-0.214926
A4ZTW82Y,2019-05-26T23:00:00.000Z,38,,6.47,,9.12,11.71,13.96,,17.97,14.07,,,,,,,,,,,30.56,71.21,,,5.532084,-0.214926
A4ZTW82Y,2019-05-26T22:00:00.000Z,41,,6.53,,9.82,13,13.88,,17.71,14.02,,,,,,,,,,,30.76,71.18,,,5.532084,-0.214926
A4ZTW82Y,2019-05-26T21:00:00.000Z,42,,7.49,,10.15,13.62,15.57,,20.5,15.75,,,,,,,,,,,30.84,71.77,,,5.532084,-0.214926
A4ZTW82Y,2019-05-26T20:00:00.000Z,46,,8.21,,10.93,15.08,16.86,,25.32,17.12,,,,,,,,,,,30.76,72.09,,,5.532084,-0.214926
A4ZTW82Y,2019-05-26T19:00:00.000Z,45,,8.12,,10.73,14.71,16.72,,21.29,16.88,,,,,,,,,,,30.87,72.15,,,5.532084,-0.214926
A4ZTW82Y,2019-05-26T18:00:00.000Z,47,,8,,11.4,15.94,16.4,,21,16.57,,,,,,,,,,,30.76,72.02,,,5.532084,-0.214926
A4ZTW82Y,2019-05-26T17:00:00.000Z,39,,7.06,,9.41,12.24,14.88,,16.35,15,,,,,,,,,,,30.82,71.76,,,5.532084,-0.214926
A4ZTW82Y,2019-05-26T16:00:00.000Z,38,,6.65,,9.02,11.51,14.1,,18.18,14.27,,,,,,,,,,,30.91,71.3,,,5.532084,-0.214926
A4ZTW82Y,2019-05-26T15:00:00.000Z,37,,6.18,,8.77,11.06,13.42,,16.06,13.55,,,,,,,,,,,30.73,70.84,,,5.532084,-0.214926
A4ZTW82Y,2019-05-26T14:00:00.000Z,30,,4.82,,7.29,8.29,11.85,,12.71,11.94,,,,,,,,,,,30.47,69.95,,,5.532084,-0.214926
A4ZTW82Y,2019-05-26T13:00:00.000Z,40,,8,,9.71,12.79,16.14,,15.79,16.22,,,,,,,,,,,30.52,68.9,,,5.532084,-0.214926
A4ZTW82Y,2019-05-26T12:00:00.000Z,42,,8.53,,10.13,13.59,16.92,,18.65,17.07,,,,,,,,,,,30.23,68.44,,,5.532084,-0.214926
A4ZTW82Y,2019-05-26T11:00:00.000Z,46,,9.65,,10.93,15.08,18.95,,19.81,19.08,,,,,,,,,,,30.18,67.48,,,5.532084,-0.214926
A4ZTW82Y,2019-05-26T10:00:00.000Z,46,,9.82,,11.08,15.35,20.83,,20,20.95,,,,,,,,,,,30.01,67.27,,,5.532084,-0.214926
A4ZTW82Y,2019-05-26T08:00:00.000Z,46,,9.71,,10.98,15.18,19.79,,20.18,19.93,,,,,,,,,,,29.92,66.82,,,5.532084,-0.214926
A4ZTW82Y,2019-05-26T07:00:00.000Z,43,,9,,10.32,13.94,19.24,,16.18,19.34,,,,,,,,,,,29.64,67.35,,,5.532084,-0.214926
A4ZTW82Y,2019-05-26T03:00:00.000Z,68,,20.76,,20.29,32.52,42.2,,46.41,42.56,,,,,,,,,,,29.68,68.43,,,5.532084,-0.214926
A4ZTW82Y,2019-05-26T02:00:00.000Z,59,,14.56,,16.05,24.62,27.82,,30.88,28.04,,,,,,,,,,,29.77,68.94,,,5.532084,-0.214926
A4ZTW82Y,2019-05-26T01:00:00.000Z,47,,9.59,,11.26,15.69,19.56,,21.04,19.71,,,,,,,,,,,29.75,69.21,,,5.532084,-0.214926
A4ZTW82Y,2019-05-26T00:00:00.000Z,42,,7.24,,10.07,13.47,16.02,,18.88,16.19,,,,,,,,,,,29.63,69.73,,,5.532084,-0.214926
A4ZTW82Y,2019-05-25T23:00:00.000Z,41,,7.38,,9.72,12.82,15.61,,18.41,15.73,,,,,,,,,,,29.7,70.98,,,5.532084,-0.214926
A4ZTW82Y,2019-05-25T22:00:00.000Z,40,,7.71,,9.69,12.76,16.34,,17.41,16.46,,,,,,,,,,,29.51,71.02,,,5.532084,-0.214926
A4ZTW82Y,2019-05-25T21:00:00.000Z,44,,8,,10.53,14.32,17.16,,18.76,17.28,,,,,,,,,,,29.68,70.47,,,5.532084,-0.214926
A4ZTW82Y,2019-05-25T20:00:00.000Z,39,,7.62,,9.36,12.15,15.84,,16.03,15.95,,,,,,,,,,,29.52,69.39,,,5.532084,-0.214926
A4ZTW82Y,2019-05-25T19:00:00.000Z,46,,9.94,,10.98,15.18,19.91,,18.12,20,,,,,,,,,,,29.46,67.8,,,5.532084,-0.214926
A4ZTW82Y,2019-05-25T18:00:00.000Z,41,,8.55,,9.9,13.16,17.77,,17.57,17.88,,,,,,,,,,,29.27,66.69,,,5.532084,-0.214926
A4ZTW82Y,2019-05-25T17:00:00.000Z,23,,3.03,,5.48,4.91,8.59,,7.01,8.64,,,,,,,,,,,29.12,65.91,,,5.532084,-0.214926
A4ZTW82Y,2019-05-25T16:00:00.000Z,21,,2.71,,5.08,4.18,7.77,,6.18,7.81,,,,,,,,,,,28.38,63.86,,,5.532084,-0.214926
A4ZTW82Y,2019-05-25T15:00:00.000Z,28,,4.62,,6.66,7.12,10.63,,9.68,10.7,,,,,,,,,,,27.82,57.89,,,5.532084,-0.214926
A4ZTW82Y,2019-05-25T14:00:00.000Z,35,,6.85,,8.33,10.24,14.29,,13.15,14.35,,,,,,,,,,,27.61,54.21,,,5.532084,-0.214926
A4ZTW82Y,2019-05-25T13:00:00.000Z,36,,7,,8.76,11.03,14.8,,13.09,14.87,,,,,,,,,,,27.5,52.78,,,5.532084,-0.214926
A4ZTW82Y,2019-05-25T12:00:00.000Z,41,,8.35,,9.74,12.85,17.32,,16.65,17.43,,,,,,,,,,,27.41,52.94,,,5.532084,-0.214926
A4ZTW82Y,2019-05-25T11:00:00.000Z,41,,8.76,,9.91,13.18,17.79,,17.29,17.9,,,,,,,,,,,27.22,53.26,,,5.532084,-0.214926
A4ZTW82Y,2019-05-25T10:00:00.000Z,46,,10,,11.05,15.29,20.85,,19.18,20.96,,,,,,,,,,,27.07,51.52,,,5.532084,-0.214926
A4ZTW82Y,2019-05-25T09:00:00.000Z,46,,9.53,,10.98,15.18,20.28,,21.94,20.45,,,,,,,,,,,26.81,47.72,,,5.532084,-0.214926
A4ZTW82Y,2019-05-25T08:00:00.000Z,34,,6.47,,8.08,9.76,13.45,,12.41,13.52,,,,,,,,,,,26.73,45.56,,,5.532084,-0.214926
A4ZTW82Y,2019-05-25T07:00:00.000Z,24,,3.71,,5.65,5.24,8.87,,7.41,8.91,,,,,,,,,,,26.79,41.29,,,5.532084,-0.214926
A4ZTW82Y,2019-05-25T05:00:00.000Z,21,,2.53,,4.99,4,6.98,,7.12,7.06,,,,,,,,,,,26.86,47.9,,,5.532084,-0.214926
A4ZTW82Y,2019-05-25T03:00:00.000Z,21,,2.29,,4.99,4,6.95,,5.29,7,,,,,,,,,,,27.03,48.25,,,5.532084,-0.214926
A4ZTW82Y,2019-05-25T02:00:00.000Z,21,,2.18,,4.95,3.94,6.69,,6.06,6.75,,,,,,,,,,,27.11,42.32,,,5.532084,-0.214926
A4ZTW82Y,2019-05-25T01:00:00.000Z,21,,2.47,,5.08,4.18,6.72,,6.65,6.78,,,,,,,,,,,27.35,43.61,,,5.532084,-0.214926
A4ZTW82Y,2019-05-25T00:00:00.000Z,21,,2.29,,5.02,4.06,7.26,,6.82,7.34,,,,,,,,,,,27.35,49.81,,,5.532084,-0.214926
A4ZTW82Y,2019-05-24T23:00:00.000Z,21,,2.24,,4.99,4,7.08,,6.94,7.14,,,,,,,,,,,27.37,49.25,,,5.532084,-0.214926
A4ZTW82Y,2019-05-24T22:00:00.000Z,20,,1.47,,4.83,3.71,5.54,,5.47,5.61,,,,,,,,,,,27.35,43.38,,,5.532084,-0.214926
A4ZTW82Y,2019-05-24T20:00:00.000Z,25,,3.21,,6.06,6,8.64,,10.59,8.74,,,,,,,,,,,27.64,44.61,,,5.532084,-0.214926
A4ZTW82Y,2019-05-24T19:00:00.000Z,25,,3.26,,6.06,6,8.81,,10.03,8.9,,,,,,,,,,,27.68,45.61,,,5.532084,-0.214926
A4ZTW82Y,2019-05-24T18:00:00.000Z,30,,4.53,,7.2,8.12,10.87,,9.59,10.98,,,,,,,,,,,28.16,46.87,,,5.532084,-0.214926
A4ZTW82Y,2019-05-24T17:00:00.000Z,27,,4.53,,6.42,6.68,11.37,,10.32,11.44,,,,,,,,,,,28.09,46.89,,,5.532084,-0.214926
A4ZTW82Y,2019-05-24T16:00:00.000Z,20,,2.24,,4.83,3.71,6.47,,5.41,6.51,,,,,,,,,,,28.26,48.55,,,5.532084,-0.214926
A4ZTW82Y,2019-05-24T15:00:00.000Z,22,,3.18,,5.4,4.76,8.12,,7.94,8.18,,,,,,,,,,,28.28,47.15,,,5.532084,-0.214926
A4ZTW82Y,2019-05-24T14:00:00.000Z,23,,2.79,,5.63,5.21,7.75,,8.32,7.81,,,,,,,,,,,28.46,46.49,,,5.532084,-0.214926
A4ZTW82Y,2019-05-24T13:00:00.000Z,21,,2.71,,5.02,4.06,8.14,,5.53,8.19,,,,,,,,,,,28.66,49.26,,,5.532084,-0.214926
A4ZTW82Y,2019-05-24T12:00:00.000Z,28,,4.06,,6.72,7.24,10.72,,9.41,10.78,,,,,,,,,,,28.69,51.52,,,5.532084,-0.214926
A4ZTW82Y,2019-05-24T11:00:00.000Z,27,,4.26,,6.39,6.62,10.26,,9.38,10.34,,,,,,,,,,,28.37,50.14,,,5.532084,-0.214926
A4ZTW82Y,2019-05-24T10:00:00.000Z,38,,8.5,,9.17,11.79,17.08,,14.59,17.16,,,,,,,,,,,28.2,47.26,,,5.532084,-0.214926
A4ZTW82Y,2019-05-24T09:00:00.000Z,51,,11.53,,12.25,17.53,23.17,,21.71,23.29,,,,,,,,,,,28.28,44.56,,,5.532084,-0.214926
A4ZTW82Y,2019-05-24T07:00:00.000Z,53,,12.76,,12.88,18.71,24.76,,25.71,24.93,,,,,,,,,,,28.59,47,,,5.532084,-0.214926
A4ZTW82Y,2019-05-24T05:00:00.000Z,53,,13,,12.91,18.76,25.2,,26.67,25.42,,,,,,,,,,,29.45,56.52,,,5.532084,-0.214926
A4ZTW82Y,2019-05-24T03:00:00.000Z,54,,12.71,,13.42,19.71,25.58,,29.41,25.81,,,,,,,,,,,29.33,56.91,,,5.532084,-0.214926
A4ZTW82Y,2019-05-24T02:00:00.000Z,39,,8.02,,9.44,12.29,17.25,,15.94,17.35,,,,,,,,,,,29.42,56.19,,,5.532084,-0.214926
A4ZTW82Y,2019-05-24T01:00:00.000Z,28,,5,,6.75,7.29,11.45,,10.12,11.53,,,,,,,,,,,29.52,56.08,,,5.532084,-0.214926
A4ZTW82Y,2019-05-24T00:00:00.000Z,22,,3,,5.4,4.76,8.59,,6.76,8.61,,,,,,,,,,,29.52,55.6,,,5.532084,-0.214926
A4ZTW82Y,2019-05-23T23:00:00.000Z,19,,1.76,,4.45,3,6.48,,5,6.53,,,,,,,,,,,29.55,56.21,,,5.532084,-0.214926
A4ZTW82Y,2019-05-23T22:00:00.000Z,18,,1.76,,4.32,2.76,6.54,,4,6.57,,,,,,,,,,,29.59,56.49,,,5.532084,-0.214926
A4ZTW82Y,2019-05-23T20:00:00.000Z,21,,2.75,,5.07,4.15,8.13,,5.63,8.16,,,,,,,,,,,29.77,57.03,,,5.532084,-0.214926
A4ZTW82Y,2019-05-23T19:00:00.000Z,23,,2.97,,5.44,4.85,8.69,,7.59,8.75,,,,,,,,,,,29.73,58.3,,,5.532084,-0.214926
A4ZTW82Y,2019-05-23T18:00:00.000Z,24,,3.24,,5.68,5.29,9.09,,6.94,9.13,,,,,,,,,,,29.86,59.14,,,5.532084,-0.214926
A4ZTW82Y,2019-05-23T17:00:00.000Z,22,,3,,5.27,4.53,8.62,,7.88,8.66,,,,,,,,,,,29.66,59.69,,,5.532084,-0.214926
A4ZTW82Y,2019-05-23T16:00:00.000Z,26,,3.76,,6.19,6.24,9.85,,11.29,9.94,,,,,,,,,,,29.44,55.96,,,5.532084,-0.214926
A4ZTW82Y,2019-05-23T14:00:00.000Z,31,,5,,7.32,8.35,12.23,,10,12.29,,,,,,,,,,,29.57,49.51,,,5.532084,-0.214926
A4ZTW82Y,2019-05-23T13:00:00.000Z,31,,5.88,,7.39,8.47,13.21,,11.56,13.27,,,,,,,,,,,29.61,48.88,,,5.532084,-0.214926
A4ZTW82Y,2019-05-23T12:00:00.000Z,32,,5.53,,7.78,9.21,12.76,,11.32,12.83,,,,,,,,,,,29.74,49.11,,,5.532084,-0.214926
A4ZTW82Y,2019-05-23T11:00:00.000Z,34,,6.51,,8.27,10.12,14.62,,12.51,14.68,,,,,,,,,,,29.72,47.04,,,5.532084,-0.214926
A4ZTW82Y,2019-05-23T10:00:00.000Z,28,,4.76,,6.72,7.24,11.52,,10.12,11.57,,,,,,,,,,,29.69,49.3,,,5.532084,-0.214926
A4ZTW82Y,2019-05-23T08:00:00.000Z,55,,13.56,,13.89,20.59,26.73,,26.59,26.89,,,,,,,,,,,29.89,58.42,,,5.532084,-0.214926
A4ZTW82Y,2019-05-23T07:00:00.000Z,53,,12.76,,13.16,19.24,25.13,,24.82,25.29,,,,,,,,,,,29.72,55.74,,,5.532084,-0.214926
A4ZTW82Y,2019-05-23T06:00:00.000Z,41,,8.59,,9.72,12.82,17.98,,15.76,18.06,,,,,,,,,,,29.81,52.61,,,5.532084,-0.214926
A4ZTW82Y,2019-05-23T05:00:00.000Z,44,,8.94,,10.61,14.47,18.99,,18.18,19.08,,,,,,,,,,,29.85,52.65,,,5.532084,-0.214926
A4ZTW82Y,2019-05-23T04:00:00.000Z,45,,9.06,,10.7,14.65,18.65,,17.65,18.75,,,,,,,,,,,29.85,53.01,,,5.532084,-0.214926
A4ZTW82Y,2019-05-23T03:00:00.000Z,52,,10.24,,12.6,18.18,21.47,,24.71,21.66,,,,,,,,,,,30.16,53.34,,,5.532084,-0.214926
A4ZTW82Y,2019-05-23T02:00:00.000Z,48,,9.56,,11.49,16.12,19.81,,20.68,19.97,,,,,,,,,,,29.99,54.01,,,5.532084,-0.214926
A4ZTW82Y,2019-05-23T01:00:00.000Z,43,,8.85,,10.34,13.97,17.62,,18.06,17.74,,,,,,,,,,,29.94,55.6,,,5.532084,-0.214926
A4ZTW82Y,2019-05-23T00:00:00.000Z,43,,8.82,,10.42,14.12,17.73,,20.76,17.88,,,,,,,,,,,29.95,57.39,,,5.532084,-0.214926
A4ZTW82Y,2019-05-22T23:00:00.000Z,44,,8.38,,10.57,14.41,17.65,,21.21,17.81,,,,,,,,,,,30.06,58.76,,,5.532084,-0.214926
A4ZTW82Y,2019-05-22T22:00:00.000Z,48,,9.06,,11.48,16.09,18.79,,23.3,19,,,,,,,,,,,30.05,60.27,,,5.532084,-0.214926
A4ZTW82Y,2019-05-22T20:00:00.000Z,40,,8.29,,9.69,12.76,16.99,,16.12,17.08,,,,,,,,,,,30.17,61.75,,,5.532084,-0.214926
A4ZTW82Y,2019-05-22T18:00:00.000Z,48,,9.56,,11.46,16.06,19.88,,21.68,20.07,,,,,,,,,,,30.23,63.9,,,5.532084,-0.214926
A4ZTW82Y,2019-05-22T17:00:00.000Z,36,,6.75,,8.52,10.59,14.62,,15.27,14.73,,,,,,,,,,,30.36,62.79,,,5.532084,-0.214926
A4ZTW82Y,2019-05-22T16:00:00.000Z,35,,6.59,,8.46,10.47,13.74,,15.24,13.83,,,,,,,,,,,30.27,60.36,,,5.532084,-0.214926
A4ZTW82Y,2019-05-22T15:00:00.000Z,24,,3.76,,5.71,5.35,9.65,,9.06,9.72,,,,,,,,,,,30.07,56.94,,,5.532084,-0.214926
A4ZTW82Y,2019-05-22T10:00:00.000Z,40,,8.69,,9.64,12.67,18.44,,17.61,18.54,,,,,,,,,,,29.97,55.35,,,5.532084,-0.214926
A4ZTW82Y,2019-05-22T07:00:00.000Z,55,,12.76,,13.86,20.53,25.61,,30.18,25.84,,,,,,,,,,,30.31,70.03,,,5.532084,-0.214926
A4ZTW82Y,2019-05-22T06:00:00.000Z,46,,9.88,,10.92,15.06,20.8,,19.12,20.91,,,,,,,,,,,30.31,68.65,,,5.532084,-0.214926
A4ZTW82Y,2019-05-22T05:00:00.000Z,42,,8.5,,10.02,13.38,17.81,,17.88,17.96,,,,,,,,,,,30.32,68.67,,,5.532084,-0.214926
A4ZTW82Y,2019-05-22T03:00:00.000Z,47,,9.53,,11.17,15.53,20.3,,18.47,20.41,,,,,,,,,,,30.28,68.29,,,5.532084,-0.214926
A4ZTW82Y,2019-05-22T02:00:00.000Z,53,,12.06,,13.23,19.35,24.58,,27.53,24.8,,,,,,,,,,,30.31,68.2,,,5.532084,-0.214926
A4ZTW82Y,2019-05-22T00:00:00.000Z,60,,16.1,,16.19,24.88,30.96,,31.41,31.16,,,,,,,,,,,30.38,67.88,,,5.532084,-0.214926
A4ZTW82Y,2019-05-21T22:00:00.000Z,45,,8.94,,10.91,15.03,18.83,,21.29,18.99,,,,,,,,,,,30.28,67.53,,,5.532084,-0.214926
A4ZTW82Y,2019-05-21T21:00:00.000Z,42,,8.37,,9.99,13.31,17.08,,17.67,17.24,,,,,,,,,,,30.42,67.27,,,5.532084,-0.214926
A4ZTW82Y,2019-05-21T19:00:00.000Z,35,,6.69,,8.29,10.16,14.26,,13.47,14.35,,,,,,,,,,,30.45,65.65,,,5.532084,-0.214926
A4ZTW82Y,2019-05-21T18:00:00.000Z,32,,5.29,,7.58,8.82,12.19,,15.53,12.33,,,,,,,,,,,30.34,64.15,,,5.532084,-0.214926
A4ZTW82Y,2019-05-21T16:00:00.000Z,35,,6.12,,8.33,10.24,13.89,,12.76,13.96,,,,,,,,,,,30.23,60.33,,,5.532084,-0.214926
A4ZTW82Y,2019-05-21T13:00:00.000Z,31,,5.26,,7.48,8.65,12.47,,11.82,12.56,,,,,,,,,,,30.09,61.14,,,5.532084,-0.214926
A4ZTW82Y,2019-05-21T11:00:00.000Z,26,,4,,6.17,6.21,10.9,,7.76,10.94,,,,,,,,,,,29.46,49.58,,,5.532084,-0.214926
A4ZTW82Y,2019-05-21T10:00:00.000Z,29,,5.41,,7.07,7.88,13.02,,11.35,13.09,,,,,,,,,,,29.3,49.97,,,5.532084,-0.214926
A4ZTW82Y,2019-05-21T07:00:00.000Z,43,,9.47,,10.26,13.82,19.82,,18.26,19.95,,,,,,,,,,,29.32,52.94,,,5.532084,-0.214926
A4ZTW82Y,2019-05-21T06:00:00.000Z,37,,7.47,,8.87,11.24,16.53,,15.29,16.63,,,,,,,,,,,29.45,50.88,,,5.532084,-0.214926
A4ZTW82Y,2019-05-21T04:00:00.000Z,38,,7.24,,9.12,11.71,15.98,,14.53,16.05,,,,,,,,,,,29.49,50.71,,,5.532084,-0.214926
A4ZTW82Y,2019-05-21T03:00:00.000Z,38,,7.53,,9.15,11.76,16.07,,16.76,16.18,,,,,,,,,,,29.68,50.48,,,5.532084,-0.214926
A4ZTW82Y,2019-05-21T02:00:00.000Z,41,,8,,9.85,13.06,17.24,,17.71,17.38,,,,,,,,,,,29.77,50.42,,,5.532084,-0.214926
A4ZTW82Y,2019-05-21T01:00:00.000Z,43,,8.92,,10.23,13.76,18.57,,17.8,18.69,,,,,,,,,,,29.83,50.45,,,5.532084,-0.214926
A4ZTW82Y,2019-05-21T00:00:00.000Z,45,,9.65,,10.87,14.97,20.32,,18.35,20.42,,,,,,,,,,,29.98,50.13,,,5.532084,-0.214926
A4ZTW82Y,2019-05-20T23:00:00.000Z,45,,9.59,,10.83,14.88,20.14,,18.68,20.26,,,,,,,,,,,29.88,50.41,,,5.532084,-0.214926
A4ZTW82Y,2019-05-20T22:00:00.000Z,51,,11.56,,12.17,17.38,23.39,,22.47,23.55,,,,,,,,,,,30.1,50.09,,,5.532084,-0.214926
A4ZTW82Y,2019-05-20T21:00:00.000Z,53,,12.26,,12.94,18.82,24.58,,25.32,24.73,,,,,,,,,,,30.08,50.5,,,5.532084,-0.214926
A4ZTW82Y,2019-05-20T20:00:00.000Z,53,,13.06,,13.04,19,25.69,,22.35,25.83,,,,,,,,,,,29.96,50.86,,,5.532084,-0.214926
A4ZTW82Y,2019-05-20T19:00:00.000Z,45,,9.97,,10.72,14.68,20.28,,19.12,20.39,,,,,,,,,,,30.23,50.96,,,5.532084,-0.214926
A4ZTW82Y,2019-05-20T18:00:00.000Z,38,,7.47,,9.19,11.82,16.08,,14.71,16.17,,,,,,,,,,,30.28,51.37,,,5.532084,-0.214926
A4ZTW82Y,2019-05-20T17:00:00.000Z,31,,5.53,,7.41,8.51,12.95,,11.25,13.02,,,,,,,,,,,30.66,54.31,,,5.532084,-0.214926
A4ZTW82Y,2019-05-20T16:00:00.000Z,29,,4.94,,6.85,7.47,12.36,,10.12,12.39,,,,,,,,,,,30.54,55.97,,,5.532084,-0.214926
A4ZTW82Y,2019-05-20T14:00:00.000Z,31,,5.29,,7.42,8.53,12.68,,10.94,12.75,,,,,,,,,,,30.23,54.31,,,5.532084,-0.214926
A4ZTW82Y,2019-05-20T13:00:00.000Z,36,,6.5,,8.66,10.85,14.07,,14.82,14.17,,,,,,,,,,,30.4,51.59,,,5.532084,-0.214926
A4ZTW82Y,2019-05-20T12:00:00.000Z,34,,6,,8.27,10.12,13.84,,13.41,13.94,,,,,,,,,,,30.45,52.12,,,5.532084,-0.214926
A4ZTW82Y,2019-05-20T11:00:00.000Z,44,,8.34,,10.45,14.19,17.78,,21.86,17.92,,,,,,,,,,,30.9,49.53,,,5.532084,-0.214926
A4ZTW82Y,2019-05-20T09:00:00.000Z,52,,11.61,,12.55,18.1,23.23,,22.9,23.38,,,,,,,,,,,31.61,56.34,,,5.532084,-0.214926
A4ZTW82Y,2019-05-20T07:00:00.000Z,62,,16.53,,17.17,26.71,32.3,,35.59,32.56,,,,,,,,,,,31.86,70.66,,,5.532084,-0.214926
A4ZTW82Y,2019-05-20T06:00:00.000Z,62,,16.71,,17.31,26.95,32.15,,39.76,32.47,,,,,,,,,,,31.83,70.72,,,5.532084,-0.214926
A4ZTW82Y,2019-05-20T05:00:00.000Z,60,,13.88,,16.19,24.88,27.92,,32.12,28.19,,,,,,,,,,,31.89,70.82,,,5.532084,-0.214926
A4ZTW82Y,2019-05-20T04:00:00.000Z,38,,7.06,,9.09,11.65,16.2,,16.35,16.32,,,,,,,,,,,31.82,71.13,,,5.532084,-0.214926
A4ZTW82Y,2019-05-20T02:00:00.000Z,39,,7.24,,9.44,12.29,16,,15.12,16.12,,,,,,,,,,,31.89,71.04,,,5.532084,-0.214926
A4ZTW82Y,2019-05-20T01:00:00.000Z,35,,5.91,,8.47,10.5,13.62,,15.44,13.75,,,,,,,,,,,31.99,71.01,,,5.532084,-0.214926
A4ZTW82Y,2019-05-19T23:00:00.000Z,28,,4.24,,6.76,7.31,10.11,,10.94,10.21,,,,,,,,,,,32.12,71.02,,,5.532084,-0.214926
A4ZTW82Y,2019-05-19T22:00:00.000Z,27,,4,,6.53,6.88,10.43,,11.18,10.52,,,,,,,,,,,31.89,71.42,,,5.532084,-0.214926
A4ZTW82Y,2019-05-19T21:00:00.000Z,28,,4.82,,6.72,7.24,11.18,,10.82,11.28,,,,,,,,,,,32.24,70.85,,,5.532084,-0.214926
A4ZTW82Y,2019-05-19T20:00:00.000Z,32,,5.71,,7.7,9.06,12.45,,14.41,12.57,,,,,,,,,,,32.13,70.91,,,5.532084,-0.214926
A4ZTW82Y,2019-05-19T19:00:00.000Z,32,,5.59,,7.61,8.88,12.62,,14.12,12.73,,,,,,,,,,,32.19,70.6,,,5.532084,-0.214926
A4ZTW82Y,2019-05-19T18:00:00.000Z,32,,5.35,,7.67,9,12.55,,11.74,12.63,,,,,,,,,,,32.21,70.76,,,5.532084,-0.214926
A4ZTW82Y,2019-05-19T17:00:00.000Z,26,,3.76,,6.19,6.25,9.52,,9.28,9.6,,,,,,,,,,,32.17,70.92,,,5.532084,-0.214926
A4ZTW82Y,2019-05-19T16:00:00.000Z,25,,3.53,,6.06,6,9.32,,8.18,9.36,,,,,,,,,,,32.06,71.05,,,5.532084,-0.214926
A4ZTW82Y,2019-05-19T14:00:00.000Z,23,,3.47,,5.62,5.18,9.33,,9,9.41,,,,,,,,,,,32.16,70.98,,,5.532084,-0.214926
A4ZTW82Y,2019-05-19T13:00:00.000Z,20,,2.31,,4.74,3.54,7.31,,4.99,7.34,,,,,,,,,,,32.06,71.13,,,5.532084,-0.214926
A4ZTW82Y,2019-05-19T11:00:00.000Z,25,,4.53,,6.09,6.06,10.73,,8.53,10.76,,,,,,,,,,,31.76,71.2,,,5.532084,-0.214926
A4ZTW82Y,2019-05-19T10:00:00.000Z,43,,8.88,,10.29,13.88,18.43,,20.06,18.57,,,,,,,,,,,31.85,70.59,,,5.532084,-0.214926
A4ZTW82Y,2019-05-19T09:00:00.000Z,45,,9.72,,10.7,14.64,19.77,,18.55,19.88,,,,,,,,,,,31.77,70.48,,,5.532084,-0.214926
A4ZTW82Y,2019-05-19T08:00:00.000Z,38,,7.57,,9.19,11.82,16.25,,15.14,16.35,,,,,,,,,,,31.66,70.4,,,5.532084,-0.214926
A4ZTW82Y,2019-05-19T07:00:00.000Z,32,,5.74,,7.77,9.19,13.22,,12.82,13.32,,,,,,,,,,,31.55,70.53,,,5.532084,-0.214926
A4ZTW82Y,2019-05-19T06:00:00.000Z,29,,4.71,,6.91,7.59,11.44,,10.26,11.52,,,,,,,,,,,31.57,70.62,,,5.532084,-0.214926
A4ZTW82Y,2019-05-19T05:00:00.000Z,27,,4.53,,6.41,6.65,10.73,,9.12,10.78,,,,,,,,,,,31.76,70.56,,,5.532084,-0.214926
A4ZTW82Y,2019-05-19T04:00:00.000Z,26,,3.75,,6.22,6.29,9.31,,9.16,9.38,,,,,,,,,,,31.6,70.91,,,5.532084,-0.214926
A4ZTW82Y,2019-05-19T02:00:00.000Z,24,,3.24,,5.68,5.29,8.9,,7.29,8.95,,,,,,,,,,,31.54,71.18,,,5.532084,-0.214926
A4ZTW82Y,2019-05-19T01:00:00.000Z,23,,2.76,,5.43,4.82,8.52,,8,8.58,,,,,,,,,,,31.61,71.23,,,5.532084,-0.214926
A4ZTW82Y,2019-05-19T00:00:00.000Z,28,,4.24,,6.63,7.06,10.14,,8.71,10.18,,,,,,,,,,,31.62,71.35,,,5.532084,-0.214926
A4ZTW82Y,2019-05-18T23:00:00.000Z,27,,4.56,,6.49,6.81,10.76,,8.75,10.81,,,,,,,,,,,31.69,71.45,,,5.532084,-0.214926
A4ZTW82Y,2019-05-18T22:00:00.000Z,30,,4.88,,7.28,8.26,11.88,,11.15,11.96,,,,,,,,,,,31.66,71.53,,,5.532084,-0.214926
A4ZTW82Y,2019-05-18T21:00:00.000Z,36,,7.29,,8.62,10.76,15.37,,13.41,15.43,,,,,,,,,,,31.52,71.63,,,5.532084,-0.214926
A4ZTW82Y,2019-05-18T20:00:00.000Z,40,,8.18,,9.69,12.76,17.29,,15.06,17.34,,,,,,,,,,,31.42,71.65,,,5.532084,-0.214926
A4ZTW82Y,2019-05-18T19:00:00.000Z,41,,7.88,,9.91,13.18,17.61,,16.59,17.7,,,,,,,,,,,31.59,71.26,,,5.532084,-0.214926
A4ZTW82Y,2019-05-18T18:00:00.000Z,28,,4.53,,6.72,7.24,11.56,,9.71,11.63,,,,,,,,,,,31.48,71.17,,,5.532084,-0.214926
A4ZTW82Y,2019-05-18T17:00:00.000Z,21,,2.85,,5.11,4.24,8.24,,6.24,8.28,,,,,,,,,,,31.57,70.93,,,5.532084,-0.214926
A4ZTW82Y,2019-05-18T16:00:00.000Z,20,,2.47,,4.73,3.53,7.71,,4.47,7.74,,,,,,,,,,,31.38,70.87,,,5.532084,-0.214926
A4ZTW82Y,2019-05-18T15:00:00.000Z,20,,2.76,,4.86,3.76,7.76,,5.18,7.79,,,,,,,,,,,31.26,70.56,,,5.532084,-0.214926
A4ZTW82Y,2019-05-18T14:00:00.000Z,22,,3.53,,5.27,4.53,8.71,,5.71,8.74,,,,,,,,,,,31.34,69.78,,,5.532084,-0.214926
A4ZTW82Y,2019-05-18T13:00:00.000Z,24,,3.47,,5.74,5.41,9.49,,7.18,9.54,,,,,,,,,,,31.12,69.84,,,5.532084,-0.214926
A4ZTW82Y,2019-05-18T12:00:00.000Z,30,,5.88,,7.23,8.18,12.86,,9.79,12.9,,,,,,,,,,,31.07,69.33,,,5.532084,-0.214926
A4ZTW82Y,2019-05-18T11:00:00.000Z,37,,8.41,,8.96,11.41,17.82,,16.24,17.92,,,,,,,,,,,30.88,68.31,,,5.532084,-0.214926
A4ZTW82Y,2019-05-18T10:00:00.000Z,37,,8.06,,8.87,11.24,17.45,,14.06,17.51,,,,,,,,,,,30.82,66.85,,,5.532084,-0.214926
A4ZTW82Y,2019-05-18T09:00:00.000Z,38,,7.53,,9.12,11.71,16.51,,13.47,16.6,,,,,,,,,,,30.61,66.89,,,5.532084,-0.214926
A4ZTW82Y,2019-05-18T08:00:00.000Z,37,,7.91,,8.89,11.26,17,,13.53,17.05,,,,,,,,,,,30.57,66.49,,,5.532084,-0.214926
A4ZTW82Y,2019-05-18T07:00:00.000Z,35,,7.47,,8.33,10.24,15.49,,11.18,15.53,,,,,,,,,,,30.48,66.39,,,5.532084,-0.214926
A4ZTW82Y,2019-05-18T06:00:00.000Z,28,,6.24,,6.75,7.29,13.77,,9.41,13.81,,,,,,,,,,,30.44,66.23,,,5.532084,-0.214926
A4ZTW82Y,2019-05-18T05:00:00.000Z,29,,4.53,,6.85,7.47,11.68,,12.47,11.79,,,,,,,,,,,30.56,65.74,,,5.532084,-0.214926
A4ZTW82Y,2019-05-18T04:00:00.000Z,26,,4.13,,6.21,6.28,10.34,,8.4,10.39,,,,,,,,,,,30.51,65.79,,,5.532084,-0.214926
A4ZTW82Y,2019-05-18T03:00:00.000Z,25,,3.29,,6.06,6,8.89,,7.53,8.93,,,,,,,,,,,30.43,65.62,,,5.532084,-0.214926
A4ZTW82Y,2019-05-18T01:00:00.000Z,19,,1.47,,4.45,3,5.79,,4.29,5.82,,,,,,,,,,,30.33,65.7,,,5.532084,-0.214926
A4ZTW82Y,2019-05-18T00:00:00.000Z,19,,2,,4.61,3.29,6.59,,4.24,6.62,,,,,,,,,,,30.28,65.47,,,5.532084,-0.214926
A4ZTW82Y,2019-05-17T23:00:00.000Z,20,,2.47,,4.83,3.71,6.87,,4.94,6.92,,,,,,,,,,,30.27,65.26,,,5.532084,-0.214926
A4ZTW82Y,2019-05-17T22:00:00.000Z,19,,2,,4.61,3.29,6.66,,4.53,6.7,,,,,,,,,,,30.23,64.87,,,5.532084,-0.214926
A4ZTW82Y,2019-05-17T21:00:00.000Z,19,,2,,4.58,3.24,7.12,,4.71,7.15,,,,,,,,,,,30.03,63.94,,,5.532084,-0.214926
A4ZTW82Y,2019-05-17T20:00:00.000Z,21,,2.38,,4.92,3.88,7.24,,5.53,7.27,,,,,,,,,,,29.93,63.21,,,5.532084,-0.214926
A4ZTW82Y,2019-05-17T19:00:00.000Z,20,,2.35,,4.89,3.82,7.51,,5.06,7.54,,,,,,,,,,,29.93,61.6,,,5.532084,-0.214926
A4ZTW82Y,2019-05-17T18:00:00.000Z,20,,2.71,,4.86,3.76,7.53,,4.71,7.55,,,,,,,,,,,29.55,58.93,,,5.532084,-0.214926
A4ZTW82Y,2019-05-17T17:00:00.000Z,19,,1.76,,4.61,3.29,6.67,,4.24,6.71,,,,,,,,,,,29.76,52.92,,,5.532084,-0.214926
A4ZTW82Y,2019-05-17T16:00:00.000Z,18,,1.82,,4.39,2.88,6.46,,4.29,6.49,,,,,,,,,,,29.61,51.89,,,5.532084,-0.214926
A4ZTW82Y,2019-05-17T15:00:00.000Z,21,,2.47,,4.95,3.94,7.54,,5.59,7.58,,,,,,,,,,,29.41,53.76,,,5.532084,-0.214926
A4ZTW82Y,2019-05-17T14:00:00.000Z,24,,3.53,,5.78,5.47,9.26,,7,9.3,,,,,,,,,,,29.21,54.06,,,5.532084,-0.214926
A4ZTW82Y,2019-05-17T11:00:00.000Z,34,,6.53,,8.24,10.06,15.17,,11.76,15.23,,,,,,,,,,,28.45,48.49,,,5.532084,-0.214926
A4ZTW82Y,2019-05-17T10:00:00.000Z,42,,8.91,,10.04,13.41,18.77,,17.12,18.86,,,,,,,,,,,28.51,48.87,,,5.532084,-0.214926
A4ZTW82Y,2019-05-17T09:00:00.000Z,55,,14.02,,13.85,20.51,27.58,,26.27,27.76,,,,,,,,,,,29.06,46.77,,,5.532084,-0.214926
A4ZTW82Y,2019-05-17T08:00:00.000Z,54,,14.76,,13.54,19.94,29.57,,22.82,29.69,,,,,,,,,,,29.44,48.15,,,5.532084,-0.214926
A4ZTW82Y,2019-05-17T07:00:00.000Z,52,,12.2,,12.47,17.94,24.2,,21.04,24.34,,,,,,,,,,,29.64,54.42,,,5.532084,-0.214926
A4ZTW82Y,2019-05-17T06:00:00.000Z,47,,11.53,,11.33,15.82,22.44,,18.24,22.53,,,,,,,,,,,29.44,58.07,,,5.532084,-0.214926
A4ZTW82Y,2019-05-17T05:00:00.000Z,48,,11.24,,11.62,16.35,23.11,,21.53,23.25,,,,,,,,,,,29.42,57.58,,,5.532084,-0.214926
A4ZTW82Y,2019-05-17T04:00:00.000Z,53,,13.33,,13.04,19.01,26.29,,23.95,26.42,,,,,,,,,,,29.41,57.95,,,5.532084,-0.214926
A4ZTW82Y,2019-05-17T03:00:00.000Z,56,,14.06,,14.27,21.29,27.74,,26.94,27.95,,,,,,,,,,,29.33,58.09,,,5.532084,-0.214926
A4ZTW82Y,2019-05-17T01:00:00.000Z,53,,13.41,,13.23,19.35,26.47,,25.65,26.63,,,,,,,,,,,29.33,57.57,,,5.532084,-0.214926
A4ZTW82Y,2019-05-17T00:00:00.000Z,45,,9.71,,10.89,15,20.57,,21.12,20.75,,,,,,,,,,,29.33,57.21,,,5.532084,-0.214926
A4ZTW82Y,2019-05-16T22:00:00.000Z,28,,4.62,,6.72,7.24,11.68,,8.79,11.73,,,,,,,,,,,29.45,56.44,,,5.532084,-0.214926
A4ZTW82Y,2019-05-16T20:00:00.000Z,22,,3.53,,5.24,4.47,9.27,,5.47,9.29,,,,,,,,,,,29.26,55.74,,,5.532084,-0.214926
A4ZTW82Y,2019-05-16T19:00:00.000Z,22,,2.94,,5.2,4.39,8.15,,5.96,8.19,,,,,,,,,,,28.98,55.99,,,5.532084,-0.214926
A4ZTW82Y,2019-05-16T18:00:00.000Z,21,,2.53,,5.02,4.06,8,,5.82,8.04,,,,,,,,,,,28.82,54.7,,,5.532084,-0.214926
A4ZTW82Y,2019-05-16T16:00:00.000Z,25,,3.76,,6.06,6,9.69,,7.65,9.73,,,,,,,,,,,28.55,42.31,,,5.532084,-0.214926
A4ZTW82Y,2019-05-16T15:00:00.000Z,27,,4.5,,6.55,6.91,10.67,,8.94,10.71,,,,,,,,,,,28.45,43.36,,,5.532084,-0.214926
A4ZTW82Y,2019-05-16T14:00:00.000Z,30,,5,,7.26,8.24,12.08,,12.18,12.14,,,,,,,,,,,28.51,44.51,,,5.532084,-0.214926
A4ZTW82Y,2019-05-16T13:00:00.000Z,30,,5.47,,7.2,8.12,12.38,,10.44,12.43,,,,,,,,,,,28.71,45.18,,,5.532084,-0.214926
A4ZTW82Y,2019-05-16T11:00:00.000Z,30,,4.97,,7.28,8.26,11.58,,10.76,11.67,,,,,,,,,,,29.24,43.26,,,5.532084,-0.214926
A4ZTW82Y,2019-05-16T10:00:00.000Z,30,,4.88,,7.1,7.94,11.54,,10.18,11.65,,,,,,,,,,,29.58,46.14,,,5.532084,-0.214926
A4ZTW82Y,2019-05-16T09:00:00.000Z,24,,3.49,,5.68,5.29,9.37,,6.8,9.41,,,,,,,,,,,30.13,53.92,,,5.532084,-0.214926
A4ZTW82Y,2019-05-16T08:00:00.000Z,28,,4.88,,6.68,7.15,11.68,,9.29,11.73,,,,,,,,,,,30.22,59.73,,,5.532084,-0.214926
A4ZTW82Y,2019-05-16T07:00:00.000Z,34,,6.04,,8.14,9.88,13.73,,13.75,13.83,,,,,,,,,,,30.14,67.81,,,5.532084,-0.214926
A4ZTW82Y,2019-05-16T06:00:00.000Z,31,,5.29,,7.45,8.59,12.16,,14.35,12.26,,,,,,,,,,,30.07,66.99,,,5.532084,-0.214926
A4ZTW82Y,2019-05-16T04:00:00.000Z,34,,6.24,,8.14,9.88,13.93,,12.71,14,,,,,,,,,,,30.11,66.44,,,5.532084,-0.214926
A4ZTW82Y,2019-05-16T03:00:00.000Z,36,,6.47,,8.59,10.71,13.92,,12.88,14,,,,,,,,,,,30.03,66.13,,,5.532084,-0.214926
A4ZTW82Y,2019-05-16T01:00:00.000Z,36,,6.69,,8.67,10.86,14.69,,14.71,14.8,,,,,,,,,,,29.99,65.66,,,5.532084,-0.214926
A4ZTW82Y,2019-05-15T22:00:00.000Z,34,,7.24,,8.24,10.06,15.22,,12.08,15.28,,,,,,,,,,,29.92,63,,,5.532084,-0.214926
A4ZTW82Y,2019-05-15T21:00:00.000Z,33,,6.29,,8.01,9.63,14.14,,12.45,14.21,,,,,,,,,,,29.82,61.78,,,5.532084,-0.214926
A4ZTW82Y,2019-05-15T19:00:00.000Z,29,,4.53,,6.91,7.59,11.58,,9.76,11.65,,,,,,,,,,,29.61,57.6,,,5.532084,-0.214926
A4ZTW82Y,2019-05-15T18:00:00.000Z,31,,6.02,,7.45,8.59,13.61,,11.39,13.67,,,,,,,,,,,29.42,54.63,,,5.532084,-0.214926
A4ZTW82Y,2019-05-15T17:00:00.000Z,27,,4.85,,6.53,6.88,11.23,,8.71,11.27,,,,,,,,,,,29.13,51.79,,,5.532084,-0.214926
A4ZTW82Y,2019-05-15T16:00:00.000Z,27,,4.56,,6.56,6.94,10.94,,9.68,11.01,,,,,,,,,,,28.81,47.46,,,5.532084,-0.214926
A4ZTW82Y,2019-05-15T15:00:00.000Z,26,,3.74,,6.14,6.15,9.46,,8.5,9.53,,,,,,,,,,,28.75,44.4,,,5.532084,-0.214926
A4ZTW82Y,2019-05-15T14:00:00.000Z,25,,4.18,,6.03,5.94,10.18,,8.94,10.24,,,,,,,,,,,29.01,45.6,,,5.532084,-0.214926
A4ZTW82Y,2019-05-15T13:00:00.000Z,29,,4.71,,6.88,7.53,11.33,,11.41,11.43,,,,,,,,,,,29.35,46.07,,,5.532084,-0.214926
A4ZTW82Y,2019-05-15T12:00:00.000Z,34,,6.06,,8.27,10.12,13.3,,15.12,13.41,,,,,,,,,,,29.45,46.73,,,5.532084,-0.214926
A4ZTW82Y,2019-05-15T10:00:00.000Z,36,,7.47,,8.68,10.88,16.19,,15.82,16.29,,,,,,,,,,,30.38,52,,,5.532084,-0.214926
A4ZTW82Y,2019-05-15T09:00:00.000Z,32,,5.82,,7.58,8.82,14.19,,12.94,14.27,,,,,,,,,,,30.38,53.76,,,5.532084,-0.214926
A4ZTW82Y,2019-05-15T08:00:00.000Z,60,,14.95,,16.21,24.9,28.8,,31.86,29.07,,,,,,,,,,,30.81,69.44,,,5.532084,-0.214926
A4ZTW82Y,2019-05-15T07:00:00.000Z,55,,13.53,,14.24,21.24,26.42,,24.82,26.58,,,,,,,,,,,30.56,69.69,,,5.532084,-0.214926
A4ZTW82Y,2019-05-15T06:00:00.000Z,41,,9.06,,9.85,13.06,18.66,,15.88,18.73,,,,,,,,,,,30.48,69.04,,,5.532084,-0.214926
A4ZTW82Y,2019-05-15T05:00:00.000Z,33,,5.68,,7.88,9.38,13.09,,12.03,13.19,,,,,,,,,,,30.57,68.52,,,5.532084,-0.214926
A4ZTW82Y,2019-05-15T03:00:00.000Z,31,,4.82,,7.33,8.37,12.12,,10.69,12.18,,,,,,,,,,,30.51,67.99,,,5.532084,-0.214926
A4ZTW82Y,2019-05-15T01:00:00.000Z,25,,3.27,,6.05,5.98,9.02,,8.39,9.1,,,,,,,,,,,30.59,67.29,,,5.532084,-0.214926
A4ZTW82Y,2019-05-15T00:00:00.000Z,20,,2.03,,4.8,3.65,6.89,,6.35,6.93,,,,,,,,,,,30.61,66.82,,,5.532084,-0.214926
A4ZTW82Y,2019-05-14T23:00:00.000Z,20,,2.24,,4.89,3.82,7.21,,6.41,7.27,,,,,,,,,,,30.44,66.9,,,5.532084,-0.214926
A4ZTW82Y,2019-05-14T22:00:00.000Z,20,,2.06,,4.8,3.65,6.8,,6.65,6.84,,,,,,,,,,,30.47,66.86,,,5.532084,-0.214926
A4ZTW82Y,2019-05-14T20:00:00.000Z,23,,2.63,,5.42,4.8,8.03,,7.18,8.09,,,,,,,,,,,30.32,65.92,,,5.532084,-0.214926
A4ZTW82Y,2019-05-14T19:00:00.000Z,21,,2.88,,4.99,4,7.89,,6.76,7.94,,,,,,,,,,,30.33,65.18,,,5.532084,-0.214926
A4ZTW82Y,2019-05-14T18:00:00.000Z,22,,2.88,,5.4,4.76,8.32,,7.88,8.38,,,,,,,,,,,30.21,64.94,,,5.532084,-0.214926
A4ZTW82Y,2019-05-14T17:00:00.000Z,22,,3,,5.27,4.53,8.61,,10.12,8.68,,,,,,,,,,,30.11,64.53,,,5.532084,-0.214926
A4ZTW82Y,2019-05-14T16:00:00.000Z,22,,3.53,,5.3,4.59,9.09,,5.88,9.12,,,,,,,,,,,29.96,60.53,,,5.532084,-0.214926
A4ZTW82Y,2019-05-14T15:00:00.000Z,30,,5.59,,7.23,8.18,12.93,,11.82,13.01,,,,,,,,,,,29.54,56.1,,,5.532084,-0.214926
A4ZTW82Y,2019-05-14T14:00:00.000Z,41,,8.47,,9.91,13.18,18.07,,16.59,18.16,,,,,,,,,,,29.31,51.53,,,5.532084,-0.214926
A4ZTW82Y,2019-05-14T13:00:00.000Z,44,,9.62,,10.67,14.59,20.17,,18.71,20.3,,,,,,,,,,,29.42,51.75,,,5.532084,-0.214926
A4ZTW82Y,2019-05-14T12:00:00.000Z,47,,10.53,,11.17,15.53,22.15,,19.24,22.26,,,,,,,,,,,29.37,52.21,,,5.532084,-0.214926
A4ZTW82Y,2019-05-14T11:00:00.000Z,51,,11.35,,12.28,17.59,23.44,,21.82,23.64,,,,,,,,,,,29.46,50.78,,,5.532084,-0.214926
A4ZTW82Y,2019-05-14T10:00:00.000Z,54,,13.44,,13.46,19.79,26.65,,24.26,26.77,,,,,,,,,,,29.71,50.7,,,5.532084,-0.214926
A4ZTW82Y,2019-05-14T09:00:00.000Z,60,,17.85,,16.27,25.03,34.8,,31.67,34.98,,,,,,,,,,,30.06,54.33,,,5.532084,-0.214926
A4ZTW82Y,2019-05-14T07:00:00.000Z,62,,19.29,,17.24,26.82,38.5,,33.41,38.66,,,,,,,,,,,29.78,58.89,,,5.532084,-0.214926
A4ZTW82Y,2019-05-14T06:00:00.000Z,58,,17.29,,15.5,23.59,34.46,,27.76,34.6,,,,,,,,,,,29.86,55.38,,,5.532084,-0.214926
A4ZTW82Y,2019-05-14T04:00:00.000Z,63,,20.5,,17.92,28.1,40.46,,33.78,40.59,,,,,,,,,,,30.03,55.02,,,5.532084,-0.214926
A4ZTW82Y,2019-05-14T00:00:00.000Z,60,,18,,16.35,25.18,35.68,,28.94,35.88,,,,,,,,,,,29.97,54.93,,,5.532084,-0.214926
A4ZTW82Y,2019-05-13T23:00:00.000Z,54,,14.46,,13.38,19.65,29,,24.56,29.13,,,,,,,,,,,30.08,54.86,,,5.532084,-0.214926
A4ZTW82Y,2019-05-13T20:00:00.000Z,42,,9.47,,10.16,13.65,20.98,,16.24,21.04,,,,,,,,,,,30.23,55.11,,,5.532084,-0.214926
A4ZTW82Y,2019-05-13T19:00:00.000Z,39,,9.53,,9.4,12.22,20.17,,15.25,20.24,,,,,,,,,,,30.18,55.14,,,5.532084,-0.214926
A4ZTW82Y,2019-05-13T17:00:00.000Z,39,,8.53,,9.25,11.94,18.6,,15.41,18.68,,,,,,,,,,,30.07,55.74,,,5.532084,-0.214926
A4ZTW82Y,2019-05-13T16:00:00.000Z,45,,10.82,,10.76,14.76,22.24,,17.12,22.3,,,,,,,,,,,30.11,54.8,,,5.532084,-0.214926
A4ZTW82Y,2019-05-13T14:00:00.000Z,23,,3,,5.52,5,9.93,,8.35,10,,,,,,,,,,,30.11,53.56,,,5.532084,-0.214926
A4ZTW82Y,2019-05-13T12:00:00.000Z,27,,4.53,,6.5,6.82,11.49,,9.76,11.54,,,,,,,,,,,29.97,43.44,,,5.532084,-0.214926
A4ZTW82Y,2019-05-13T11:00:00.000Z,32,,6.21,,7.58,8.82,14.24,,10.88,14.29,,,,,,,,,,,30.55,43.83,,,5.532084,-0.214926
A4ZTW82Y,2019-05-13T10:00:00.000Z,60,,18.76,,16.42,25.29,36.17,,31.06,36.26,,,,,,,,,,,31.93,55.07,,,5.532084,-0.214926
A4ZTW82Y,2019-05-13T09:00:00.000Z,69,,23.3,,20.7,33.28,49.3,,45.49,49.61,,,,,,,,,,,32.22,63.5,,,5.532084,-0.214926
A4ZTW82Y,2019-05-13T07:00:00.000Z,73,,25.36,,22.5,36.63,56.01,,47.92,56.26,,,,,,,,,,,32.11,71.81,,,5.532084,-0.214926
A4ZTW82Y,2019-05-13T05:00:00.000Z,67,,23.18,,19.86,31.71,45.64,,38.41,45.77,,,,,,,,,,,31.97,71.75,,,5.532084,-0.214926
A4ZTW82Y,2019-05-13T04:00:00.000Z,66,,20.76,,19.07,30.24,40.86,,37.78,41.02,,,,,,,,,,,31.88,71.88,,,5.532084,-0.214926
A4ZTW82Y,2019-05-13T02:00:00.000Z,51,,11.94,,12.28,17.59,23.31,,21.24,23.43,,,,,,,,,,,31.99,71.54,,,5.532084,-0.214926
A4ZTW82Y,2019-05-13T01:00:00.000Z,51,,12.86,,12.04,17.14,24.6,,22.48,24.71,,,,,,,,,,,31.86,71.55,,,5.532084,-0.214926
A4ZTW82Y,2019-05-13T00:00:00.000Z,52,,12.9,,12.49,17.98,24.47,,24.13,24.6,,,,,,,,,,,31.97,71.2,,,5.532084,-0.214926
A4ZTW82Y,2019-05-12T23:00:00.000Z,52,,12.68,,12.56,18.12,24.67,,22,24.77,,,,,,,,,,,32.05,70.94,,,5.532084,-0.214926
A4ZTW82Y,2019-05-12T22:00:00.000Z,46,,11,,10.92,15.06,21.05,,17.76,21.13,,,,,,,,,,,31.96,70.92,,,5.532084,-0.214926
A4ZTW82Y,2019-05-12T21:00:00.000Z,52,,13.24,,12.37,17.76,25.62,,22.12,25.7,,,,,,,,,,,31.92,71.1,,,5.532084,-0.214926
A4ZTW82Y,2019-05-12T20:00:00.000Z,49,,13.06,,11.65,16.41,23.75,,17.59,23.8,,,,,,,,,,,31.76,71.28,,,5.532084,-0.214926
A4ZTW82Y,2019-05-12T19:00:00.000Z,49,,12.18,,11.87,16.82,23.68,,18.76,23.74,,,,,,,,,,,32,70.76,,,5.532084,-0.214926
A4ZTW82Y,2019-05-12T15:00:00.000Z,53,,13.76,,13.26,19.41,26.84,,23.06,26.92,,,,,,,,,,,32.13,70.68,,,5.532084,-0.214926
A4ZTW82Y,2019-05-12T14:00:00.000Z,46,,11.02,,11.09,15.37,22.07,,20.66,22.2,,,,,,,,,,,31.95,70.89,,,5.532084,-0.214926
A4ZTW82Y,2019-05-12T13:00:00.000Z,63,,19.41,,17.93,28.12,36.39,,34.12,36.55,,,,,,,,,,,31.69,70.41,,,5.532084,-0.214926
A4ZTW82Y,2019-05-12T12:00:00.000Z,62,,19.82,,17.52,27.35,37,,32.47,37.13,,,,,,,,,,,31.78,69.92,,,5.532084,-0.214926
A4ZTW82Y,2019-05-12T11:00:00.000Z,63,,19.64,,17.92,28.1,37.95,,34.55,38.12,,,,,,,,,,,31.65,69.71,,,5.532084,-0.214926
A4ZTW82Y,2019-05-12T10:00:00.000Z,66,,20.62,,19,30.11,40.83,,38.39,41.04,,,,,,,,,,,31.59,69.19,,,5.532084,-0.214926
A4ZTW82Y,2019-05-12T09:00:00.000Z,65,,20.48,,18.92,29.95,39.64,,41.62,39.9,,,,,,,,,,,31.49,68.78,,,5.532084,-0.214926
A4ZTW82Y,2019-05-12T08:00:00.000Z,68,,21.24,,19.95,31.88,43.43,,44.41,43.74,,,,,,,,,,,31.37,68.89,,,5.532084,-0.214926
A4ZTW82Y,2019-05-12T06:00:00.000Z,50,,11.18,,11.9,16.88,23.3,,23.18,23.47,,,,,,,,,,,31.21,68.01,,,5.532084,-0.214926
A4ZTW82Y,2019-05-12T05:00:00.000Z,49,,11.59,,11.65,16.41,22.72,,18.88,22.82,,,,,,,,,,,31.3,68.09,,,5.532084,-0.214926
A4ZTW82Y,2019-05-12T04:00:00.000Z,42,,9.06,,10.16,13.65,19.24,,19.82,19.41,,,,,,,,,,,31.35,68.12,,,5.532084,-0.214926
A4ZTW82Y,2019-05-12T02:00:00.000Z,35,,7.47,,8.46,10.47,15.5,,13.06,15.59,,,,,,,,,,,31.34,68.43,,,5.532084,-0.214926
A4ZTW82Y,2019-05-11T23:00:00.000Z,37,,7.85,,8.85,11.21,16.95,,13.59,17.01,,,,,,,,,,,31.46,68.6,,,5.532084,-0.214926
A4ZTW82Y,2019-05-11T22:00:00.000Z,39,,7.88,,9.36,12.16,16.79,,15.14,16.88,,,,,,,,,,,31.54,68.98,,,5.532084,-0.214926
A4ZTW82Y,2019-05-11T21:00:00.000Z,36,,7.53,,8.65,10.82,16.88,,15.71,16.96,,,,,,,,,,,31.48,69.18,,,5.532084,-0.214926
A4ZTW82Y,2019-05-11T20:00:00.000Z,33,,5.85,,7.84,9.32,13.93,,12.94,14.01,,,,,,,,,,,31.56,69.66,,,5.532084,-0.214926
A4ZTW82Y,2019-05-11T19:00:00.000Z,19,,1.74,,4.45,3,6.63,,5.47,6.68,,,,,,,,,,,31.59,70.88,,,5.532084,-0.214926
A4ZTW82Y,2019-05-11T18:00:00.000Z,19,,2.47,,4.67,3.41,7.23,,4.94,7.26,,,,,,,,,,,31.44,72.02,,,5.532084,-0.214926
A4ZTW82Y,2019-05-11T14:00:00.000Z,20,,2.29,,4.73,3.53,7.41,,6.65,7.46,,,,,,,,,,,31.78,72.03,,,5.532084,-0.214926
A4ZTW82Y,2019-05-11T13:00:00.000Z,20,,2.59,,4.91,3.85,7.79,,5.88,7.84,,,,,,,,,,,31.52,72.2,,,5.532084,-0.214926
A4ZTW82Y,2019-05-11T12:00:00.000Z,27,,4.78,,6.38,6.59,11.63,,9.14,11.68,,,,,,,,,,,31.37,71.95,,,5.532084,-0.214926
A4ZTW82Y,2019-05-11T10:00:00.000Z,49,,12.12,,11.84,16.76,23.97,,21.12,24.1,,,,,,,,,,,30.98,71.27,,,5.532084,-0.214926
A4ZTW82Y,2019-05-11T09:00:00.000Z,57,,16.65,,14.9,22.47,31,,27.76,31.12,,,,,,,,,,,30.9,70.75,,,5.532084,-0.214926
A4ZTW82Y,2019-05-11T07:00:00.000Z,54,,13.71,,13.42,19.71,26.46,,23.82,26.6,,,,,,,,,,,30.69,70.5,,,5.532084,-0.214926
A4ZTW82Y,2019-05-11T06:00:00.000Z,46,,10.88,,11,15.21,22.59,,20.04,22.72,,,,,,,,,,,30.85,70.23,,,5.532084,-0.214926
A4ZTW82Y,2019-05-11T05:00:00.000Z,39,,8.76,,9.44,12.29,18.57,,14.71,18.64,,,,,,,,,,,30.73,70.12,,,5.532084,-0.214926
A4ZTW82Y,2019-05-11T02:00:00.000Z,33,,6.82,,7.99,9.59,14.93,,13.71,15,,,,,,,,,,,30.58,69.83,,,5.532084,-0.214926
A4ZTW82Y,2019-05-11T01:00:00.000Z,29,,5.26,,7.01,7.76,12.54,,10.97,12.59,,,,,,,,,,,30.85,69.24,,,5.532084,-0.214926
A4ZTW82Y,2019-05-11T00:00:00.000Z,21,,2.53,,5.02,4.06,8.03,,6.65,8.08,,,,,,,,,,,30.65,68.84,,,5.532084,-0.214926
A4ZTW82Y,2019-05-10T23:00:00.000Z,21,,2.71,,5.08,4.18,7.77,,5.12,7.78,,,,,,,,,,,30.66,68.23,,,5.532084,-0.214926
A4ZTW82Y,2019-05-10T22:00:00.000Z,21,,2.73,,5.01,4.04,8.36,,5.78,8.4,,,,,,,,,,,30.45,67.62,,,5.532084,-0.214926
A4ZTW82Y,2019-05-10T21:00:00.000Z,22,,4,,5.27,4.53,9.24,,6.41,9.29,,,,,,,,,,,30.58,66.53,,,5.532084,-0.214926
A4ZTW82Y,2019-05-10T20:00:00.000Z,21,,2.29,,5.13,4.26,8.22,,5.85,8.27,,,,,,,,,,,30.39,65.89,,,5.532084,-0.214926
A4ZTW82Y,2019-05-10T19:00:00.000Z,20,,2,,4.84,3.74,7.34,,5.26,7.38,,,,,,,,,,,30.4,64.48,,,5.532084,-0.214926
A4ZTW82Y,2019-05-10T18:00:00.000Z,18,,1.47,,4.24,2.62,5.81,,4.91,5.85,,,,,,,,,,,30.23,63.44,,,5.532084,-0.214926
A4ZTW82Y,2019-05-10T17:00:00.000Z,17,,1.74,,4.05,2.26,6.28,,4.68,6.32,,,,,,,,,,,30.07,62.21,,,5.532084,-0.214926
A4ZTW82Y,2019-05-10T15:00:00.000Z,16,,1,,3.91,2,5.13,,4.24,5.19,,,,,,,,,,,29.23,50.39,,,5.532084,-0.214926
A4ZTW82Y,2019-05-10T14:00:00.000Z,18,,1.76,,4.37,2.85,6.84,,4.47,6.88,,,,,,,,,,,29.66,51.85,,,5.532084,-0.214926
A4ZTW82Y,2019-05-10T13:00:00.000Z,22,,2.71,,5.24,4.47,7.91,,5.76,7.95,,,,,,,,,,,29.33,51.25,,,5.532084,-0.214926
A4ZTW82Y,2019-05-10T12:00:00.000Z,19,,2.53,,4.48,3.06,7.76,,4.53,7.79,,,,,,,,,,,29.23,47.61,,,5.532084,-0.214926
A4ZTW82Y,2019-05-10T11:00:00.000Z,28,,5,,6.63,7.06,12.07,,9.44,12.11,,,,,,,,,,,29.64,50.91,,,5.532084,-0.214926
A4ZTW82Y,2019-05-10T09:00:00.000Z,26,,4.09,,6.19,6.24,11.19,,8.59,11.26,,,,,,,,,,,30.18,62.43,,,5.532084,-0.214926
A4ZTW82Y,2019-05-10T08:00:00.000Z,32,,5.53,,7.64,8.94,13.55,,11.06,13.59,,,,,,,,,,,29.93,62.64,,,5.532084,-0.214926
A4ZTW82Y,2019-05-10T07:00:00.000Z,34,,6.88,,8.21,10,15.61,,13.74,15.67,,,,,,,,,,,29.81,60.67,,,5.532084,-0.214926
A4ZTW82Y,2019-05-10T05:00:00.000Z,45,,9.88,,10.8,14.82,20.23,,19.88,20.41,,,,,,,,,,,29.21,48.88,,,5.532084,-0.214926
A4ZTW82Y,2019-05-10T04:00:00.000Z,54,,13.47,,13.61,20.06,26.05,,24.06,26.2,,,,,,,,,,,29.49,49.26,,,5.532084,-0.214926
A4ZTW82Y,2019-05-10T03:00:00.000Z,54,,13.02,,13.71,20.25,25.91,,28.04,26.1,,,,,,,,,,,29.4,49.93,,,5.532084,-0.214926
A4ZTW82Y,2019-05-10T02:00:00.000Z,45,,9.56,,10.78,14.79,20.53,,18.5,20.62,,,,,,,,,,,29.42,50.05,,,5.532084,-0.214926
A4ZTW82Y,2019-05-10T01:00:00.000Z,32,,6.06,,7.67,9,13.66,,12.94,13.75,,,,,,,,,,,29.45,50.25,,,5.532084,-0.214926
A4ZTW82Y,2019-05-09T23:00:00.000Z,19,,1.62,,4.65,3.38,6.54,,4.5,6.58,,,,,,,,,,,29.44,47.44,,,5.532084,-0.214926
A4ZTW82Y,2019-05-09T21:00:00.000Z,19,,1.76,,4.61,3.29,6.79,,4.29,6.83,,,,,,,,,,,29.49,47.85,,,5.532084,-0.214926
A4ZTW82Y,2019-05-09T20:00:00.000Z,18,,1.29,,4.23,2.59,6.08,,4.06,6.11,,,,,,,,,,,29.68,49.19,,,5.532084,-0.214926
A4ZTW82Y,2019-05-09T17:00:00.000Z,26,,4.59,,6.33,6.5,11.09,,8.59,11.14,,,,,,,,,,,30,48.54,,,5.532084,-0.214926
A4ZTW82Y,2019-05-09T16:00:00.000Z,28,,5.35,,6.69,7.18,12.64,,9.97,12.71,,,,,,,,,,,30.04,52.95,,,5.532084,-0.214926
A4ZTW82Y,2019-05-09T15:00:00.000Z,27,,5.24,,6.56,6.94,11.61,,8.41,11.65,,,,,,,,,,,30.43,50.41,,,5.532084,-0.214926
A4ZTW82Y,2019-05-09T14:00:00.000Z,27,,4.25,,6.45,6.73,11.16,,9.06,11.21,,,,,,,,,,,30.34,51.54,,,5.532084,-0.214926
A4ZTW82Y,2019-05-09T13:00:00.000Z,20,,2,,4.7,3.47,7.15,,4.94,7.2,,,,,,,,,,,30.2,53.23,,,5.532084,-0.214926
A4ZTW82Y,2019-05-09T12:00:00.000Z,25,,4.18,,5.9,5.71,10.61,,7.12,10.64,,,,,,,,,,,30.04,51.33,,,5.532084,-0.214926
A4ZTW82Y,2019-05-09T08:00:00.000Z,54,,14.79,,13.68,20.21,29.3,,27.32,29.42,,,,,,,,,,,30.83,68.35,,,5.532084,-0.214926
A4ZTW82Y,2019-05-09T07:00:00.000Z,65,,20.06,,18.72,29.59,40.32,,38.18,40.5,,,,,,,,,,,30.92,67.46,,,5.532084,-0.214926
A4ZTW82Y,2019-05-09T06:00:00.000Z,64,,19.8,,18.11,28.45,39.19,,33.84,39.3,,,,,,,,,,,30.8,71.03,,,5.532084,-0.214926
A4ZTW82Y,2019-05-09T05:00:00.000Z,60,,18.12,,16.32,25.12,34.62,,29.71,34.76,,,,,,,,,,,30.68,70.71,,,5.532084,-0.214926
A4ZTW82Y,2019-05-09T03:00:00.000Z,45,,10.4,,10.9,15.03,21.23,,19.14,21.35,,,,,,,,,,,30.88,69.65,,,5.532084,-0.214926
A4ZTW82Y,2019-05-09T02:00:00.000Z,39,,8.29,,9.24,11.93,17.45,,14.15,17.51,,,,,,,,,,,30.71,69.46,,,5.532084,-0.214926
A4ZTW82Y,2019-05-09T01:00:00.000Z,31,,6.12,,7.53,8.74,13.77,,10.82,13.82,,,,,,,,,,,30.54,68.53,,,5.532084,-0.214926
A4ZTW82Y,2019-05-09T00:00:00.000Z,30,,5.85,,7.24,8.21,12.84,,10.79,12.9,,,,,,,,,,,30.42,68.38,,,5.532084,-0.214926
A4ZTW82Y,2019-05-08T23:00:00.000Z,27,,4.82,,6.6,7,11.53,,9.65,11.59,,,,,,,,,,,30.27,67.53,,,5.532084,-0.214926
A4ZTW82Y,2019-05-08T22:00:00.000Z,26,,4.76,,6.19,6.24,11.33,,8.24,11.35,,,,,,,,,,,30.13,67.24,,,5.532084,-0.214926
A4ZTW82Y,2019-05-08T18:00:00.000Z,22,,2.72,,5.3,4.59,8.25,,7.75,8.3,,,,,,,,,,,29.37,64.97,,,5.532084,-0.214926
A4ZTW82Y,2019-05-08T17:00:00.000Z,20,,2.62,,4.86,3.76,7.58,,5.09,7.61,,,,,,,,,,,28.63,54.45,,,5.532084,-0.214926
A4ZTW82Y,2019-05-08T16:00:00.000Z,20,,1.76,,4.7,3.47,7.23,,5.41,7.27,,,,,,,,,,,28.75,43.59,,,5.532084,-0.214926
A4ZTW82Y,2019-05-08T15:00:00.000Z,20,,2.53,,4.78,3.61,7.45,,4.65,7.49,,,,,,,,,,,28.8,45.3,,,5.532084,-0.214926
A4ZTW82Y,2019-05-08T13:00:00.000Z,24,,3.47,,5.87,5.65,9.81,,8.29,9.87,,,,,,,,,,,29.34,46.77,,,5.532084,-0.214926
A4ZTW82Y,2019-05-08T12:00:00.000Z,26,,4.71,,6.34,6.53,11.93,,8.88,11.98,,,,,,,,,,,29.3,47.23,,,5.532084,-0.214926
A4ZTW82Y,2019-05-08T11:00:00.000Z,32,,6.31,,7.56,8.8,13.76,,11.04,13.84,,,,,,,,,,,29.06,46.72,,,5.532084,-0.214926
A4ZTW82Y,2019-05-08T10:00:00.000Z,36,,7.56,,8.76,11.03,16.48,,13.74,16.59,,,,,,,,,,,29.08,45.23,,,5.532084,-0.214926
A4ZTW82Y,2019-05-08T09:00:00.000Z,48,,11.76,,11.63,16.38,23.57,,19.71,23.66,,,,,,,,,,,29.35,44.74,,,5.532084,-0.214926
A4ZTW82Y,2019-05-08T08:00:00.000Z,56,,14.29,,14.65,22,29.17,,23.71,29.27,,,,,,,,,,,29.56,46.53,,,5.532084,-0.214926
A4ZTW82Y,2019-05-08T07:00:00.000Z,55,,15,,14.24,21.24,29.96,,24.82,30.05,,,,,,,,,,,29.96,49.74,,,5.532084,-0.214926
A4ZTW82Y,2019-05-08T06:00:00.000Z,53,,12.92,,12.9,18.75,26.04,,22.96,26.19,,,,,,,,,,,29.81,54.54,,,5.532084,-0.214926
A4ZTW82Y,2019-05-08T05:00:00.000Z,47,,10.68,,11.17,15.53,22.24,,19.59,22.36,,,,,,,,,,,29.97,55.95,,,5.532084,-0.214926
A4ZTW82Y,2019-05-08T04:00:00.000Z,48,,10.53,,11.55,16.24,22.07,,21.65,22.23,,,,,,,,,,,29.92,56.06,,,5.532084,-0.214926
A4ZTW82Y,2019-05-08T02:00:00.000Z,43,,9.62,,10.24,13.79,19.94,,18.18,20.05,,,,,,,,,,,29.89,55.75,,,5.532084,-0.214926
A4ZTW82Y,2019-05-08T01:00:00.000Z,42,,8.53,,9.97,13.29,18.81,,19.29,18.98,,,,,,,,,,,29.93,55.8,,,5.532084,-0.214926
A4ZTW82Y,2019-05-08T00:00:00.000Z,44,,10.24,,10.67,14.59,20.42,,18.35,20.53,,,,,,,,,,,29.96,55.79,,,5.532084,-0.214926
A4ZTW82Y,2019-05-07T23:00:00.000Z,38,,7.74,,9.11,11.68,17.09,,15.65,17.2,,,,,,,,,,,30.13,55.63,,,5.532084,-0.214926
A4ZTW82Y,2019-05-07T22:00:00.000Z,30,,5.76,,7.29,8.29,13.59,,11.26,13.66,,,,,,,,,,,29.95,56.11,,,5.532084,-0.214926
A4ZTW82Y,2019-05-07T20:00:00.000Z,28,,4.71,,6.83,7.44,12.5,,10.65,12.59,,,,,,,,,,,30.16,56.38,,,5.532084,-0.214926
A4ZTW82Y,2019-05-07T19:00:00.000Z,28,,4.47,,6.63,7.06,11.14,,10.53,11.22,,,,,,,,,,,30.07,56.56,,,5.532084,-0.214926
A4ZTW82Y,2019-05-07T18:00:00.000Z,27,,3.35,,6.47,6.76,9.9,,12.71,10.04,,,,,,,,,,,30.04,58.7,,,5.532084,-0.214926
A4ZTW82Y,2019-05-07T17:00:00.000Z,16,,1.12,,3.83,1.85,5.44,,2.91,5.46,,,,,,,,,,,30.09,48.74,,,5.532084,-0.214926
A4ZTW82Y,2019-05-07T16:00:00.000Z,16,,0.76,,3.91,2,4.93,,3.18,4.97,,,,,,,,,,,29.95,49.93,,,5.532084,-0.214926
A4ZTW82Y,2019-05-07T14:00:00.000Z,17,,1.35,,4.04,2.24,5.82,,4.71,5.86,,,,,,,,,,,29.55,49.25,,,5.532084,-0.214926
A4ZTW82Y,2019-05-07T12:00:00.000Z,21,,2.47,,4.95,3.94,8.14,,5.53,8.16,,,,,,,,,,,29.69,48.59,,,5.532084,-0.214926
A4ZTW82Y,2019-05-07T10:00:00.000Z,23,,3.59,,5.63,5.21,9.88,,7.74,9.93,,,,,,,,,,,30.04,50.78,,,5.532084,-0.214926
A4ZTW82Y,2019-05-07T09:00:00.000Z,33,,6.99,,7.91,9.44,15.45,,12.56,15.51,,,,,,,,,,,30.23,55.94,,,5.532084,-0.214926
A4ZTW82Y,2019-05-07T08:00:00.000Z,51,,12.24,,12.22,17.47,24.67,,23.65,24.83,,,,,,,,,,,30.44,66.65,,,5.532084,-0.214926
A4ZTW82Y,2019-05-07T07:00:00.000Z,51,,12.16,,12.21,17.45,24.64,,22.37,24.75,,,,,,,,,,,30.08,59.97,,,5.532084,-0.214926
A4ZTW82Y,2019-05-07T06:00:00.000Z,42,,10.32,,10.07,13.47,20.76,,16.06,20.81,,,,,,,,,,,30.02,57.7,,,5.532084,-0.214926
A4ZTW82Y,2019-05-07T05:00:00.000Z,41,,8.47,,9.75,12.88,18.66,,15.94,18.76,,,,,,,,,,,30,57.8,,,5.532084,-0.214926
A4ZTW82Y,2019-05-07T04:00:00.000Z,26,,4.71,,6.28,6.41,11.28,,8.35,11.34,,,,,,,,,,,29.95,58.31,,,5.532084,-0.214926
A4ZTW82Y,2019-05-07T03:00:00.000Z,24,,3.76,,5.68,5.29,9.27,,7.94,9.34,,,,,,,,,,,29.92,57.46,,,5.532084,-0.214926
A4ZTW82Y,2019-05-07T02:00:00.000Z,22,,3,,5.27,4.53,8.76,,7.12,8.82,,,,,,,,,,,29.92,57.96,,,5.532084,-0.214926
A4ZTW82Y,2019-05-07T01:00:00.000Z,21,,2.43,,5,4.02,7.76,,5.94,7.8,,,,,,,,,,,29.92,56.58,,,5.532084,-0.214926
A4ZTW82Y,2019-05-07T00:00:00.000Z,20,,2.03,,4.73,3.53,7.16,,4.74,7.2,,,,,,,,,,,29.83,55.94,,,5.532084,-0.214926
A4ZTW82Y,2019-05-06T23:00:00.000Z,19,,2.31,,4.49,3.08,6.9,,4.53,6.92,,,,,,,,,,,29.81,56.54,,,5.532084,-0.214926
A4ZTW82Y,2019-05-06T21:00:00.000Z,20,,2.47,,4.7,3.47,6.8,,6.18,6.84,,,,,,,,,,,29.59,57.58,,,5.532084,-0.214926
A4ZTW82Y,2019-05-06T20:00:00.000Z,17,,1.35,,4.1,2.35,6.18,,3.21,6.19,,,,,,,,,,,29.49,57.1,,,5.532084,-0.214926
A4ZTW82Y,2019-05-06T19:00:00.000Z,17,,1.59,,4.17,2.47,5.88,,3.97,5.93,,,,,,,,,,,29.11,56.02,,,5.532084,-0.214926
A4ZTW82Y,2019-05-06T18:00:00.000Z,17,,1.62,,4.2,2.53,5.92,,4.82,5.96,,,,,,,,,,,28.71,53.66,,,5.532084,-0.214926
A4ZTW82Y,2019-05-06T17:00:00.000Z,26,,2.47,,6.15,6.18,8.35,,14.18,8.52,,,,,,,,,,,28.28,43.88,,,5.532084,-0.214926
A4ZTW82Y,2019-05-06T15:00:00.000Z,16,,1.47,,3.9,1.97,5.74,,2.82,5.76,,,,,,,,,,,28.75,44.36,,,5.532084,-0.214926
A4ZTW82Y,2019-05-06T13:00:00.000Z,26,,5.41,,6.31,6.47,12.46,,8.65,12.49,,,,,,,,,,,29.26,48.3,,,5.532084,-0.214926
A4ZTW82Y,2019-05-06T12:00:00.000Z,28,,5.47,,6.79,7.35,12.91,,8.79,12.94,,,,,,,,,,,29.5,48.36,,,5.532084,-0.214926
A4ZTW82Y,2019-05-06T11:00:00.000Z,31,,6.67,,7.55,8.78,14.59,,11.2,14.64,,,,,,,,,,,29.77,48.32,,,5.532084,-0.214926
A4ZTW82Y,2019-05-06T10:00:00.000Z,39,,8.65,,9.28,12,18.53,,14.97,18.59,,,,,,,,,,,30.28,52.62,,,5.532084,-0.214926
A4ZTW82Y,2019-05-06T09:00:00.000Z,47,,11.47,,11.33,15.82,24.07,,19.47,24.2,,,,,,,,,,,30.56,55.51,,,5.532084,-0.214926
A4ZTW82Y,2019-05-06T08:00:00.000Z,65,,20.76,,18.61,29.38,41.51,,35.47,41.69,,,,,,,,,,,30.99,73.1,,,5.532084,-0.214926
A4ZTW82Y,2019-05-06T07:00:00.000Z,64,,19.97,,18.18,28.58,39.89,,38.7,40.12,,,,,,,,,,,30.78,71.54,,,5.532084,-0.214926
A4ZTW82Y,2019-05-06T06:00:00.000Z,60,,17.76,,16.32,25.12,35.36,,31.59,35.5,,,,,,,,,,,30.59,71.29,,,5.532084,-0.214926
A4ZTW82Y,2019-05-06T05:00:00.000Z,58,,16.71,,15.47,23.53,32.33,,30,32.52,,,,,,,,,,,30.66,71.11,,,5.532084,-0.214926
A4ZTW82Y,2019-05-06T04:00:00.000Z,54,,13.94,,13.68,20.21,27,,25.91,27.14,,,,,,,,,,,30.63,70.96,,,5.532084,-0.214926
A4ZTW82Y,2019-05-06T03:00:00.000Z,52,,12.47,,12.49,17.99,24.41,,24.76,24.55,,,,,,,,,,,30.74,70.89,,,5.532084,-0.214926
A4ZTW82Y,2019-05-06T01:00:00.000Z,32,,6.06,,7.73,9.12,14.04,,10.29,14.1,,,,,,,,,,,30.62,70.76,,,5.532084,-0.214926
A4ZTW82Y,2019-05-06T00:00:00.000Z,28,,5.12,,6.66,7.12,12.03,,8.59,12.08,,,,,,,,,,,30.69,70.66,,,5.532084,-0.214926
A4ZTW82Y,2019-05-05T23:00:00.000Z,31,,6.25,,7.49,8.67,13.98,,10.73,14.03,,,,,,,,,,,30.58,70.73,,,5.532084,-0.214926
A4ZTW82Y,2019-05-05T22:00:00.000Z,36,,8.06,,8.57,10.68,17.22,,11.97,17.25,,,,,,,,,,,30.56,70.43,,,5.532084,-0.214926
A4ZTW82Y,2019-05-05T21:00:00.000Z,26,,5.06,,6.28,6.41,12.2,,8.88,12.23,,,,,,,,,,,30.56,70.3,,,5.532084,-0.214926
A4ZTW82Y,2019-05-05T20:00:00.000Z,25,,4,,5.9,5.71,10.49,,7.18,10.51,,,,,,,,,,,30.52,70.23,,,5.532084,-0.214926
A4ZTW82Y,2019-05-05T18:00:00.000Z,23,,4.05,,5.56,5.08,10.07,,7.58,10.11,,,,,,,,,,,30.59,69.16,,,5.532084,-0.214926
A4ZTW82Y,2019-05-05T17:00:00.000Z,25,,4.24,,5.93,5.76,10.88,,9.18,10.96,,,,,,,,,,,30.48,69.81,,,5.532084,-0.214926
A4ZTW82Y,2019-05-05T16:00:00.000Z,25,,4.24,,5.95,5.8,10.76,,7.55,10.81,,,,,,,,,,,30.5,68.62,,,5.532084,-0.214926
A4ZTW82Y,2019-05-05T15:00:00.000Z,25,,4.24,,5.9,5.71,11.06,,7.82,11.1,,,,,,,,,,,30.35,68.42,,,5.532084,-0.214926
A4ZTW82Y,2019-05-05T13:00:00.000Z,37,,8.71,,9,11.47,18.29,,13.71,18.34,,,,,,,,,,,30.29,68.35,,,5.532084,-0.214926
A4ZTW82Y,2019-05-05T12:00:00.000Z,43,,10.24,,10.32,13.94,21.87,,16.35,21.93,,,,,,,,,,,30.07,68.42,,,5.532084,-0.214926
A4ZTW82Y,2019-05-05T11:00:00.000Z,53,,14.06,,12.82,18.59,28.95,,21.94,29.06,,,,,,,,,,,29.97,68.61,,,5.532084,-0.214926
A4ZTW82Y,2019-05-05T10:00:00.000Z,59,,17.94,,15.97,24.47,34.09,,29.35,34.24,,,,,,,,,,,29.82,68.84,,,5.532084,-0.214926
A4ZTW82Y,2019-05-05T08:00:00.000Z,72,,23.19,,21.96,35.62,49.2,,52.71,49.61,,,,,,,,,,,29.24,69.07,,,5.532084,-0.214926
A4ZTW82Y,2019-05-05T07:00:00.000Z,66,,20.74,,19.33,30.72,42,,40.83,42.24,,,,,,,,,,,29.15,65.24,,,5.532084,-0.214926
A4ZTW82Y,2019-05-05T06:00:00.000Z,67,,21.64,,19.85,31.7,43.53,,42.29,43.84,,,,,,,,,,,29.04,65.51,,,5.532084,-0.214926
A4ZTW82Y,2019-05-05T05:00:00.000Z,63,,19.42,,17.76,27.79,38.04,,35.64,38.25,,,,,,,,,,,28.98,66.01,,,5.532084,-0.214926
A4ZTW82Y,2019-05-05T02:00:00.000Z,45,,11.24,,10.76,14.76,21.72,,18.41,21.79,,,,,,,,,,,29.06,65.6,,,5.532084,-0.214926
A4ZTW82Y,2019-05-05T01:00:00.000Z,54,,14.29,,13.32,19.53,27.33,,22.41,27.43,,,,,,,,,,,28.93,65.59,,,5.532084,-0.214926
A4ZTW82Y,2019-05-04T23:00:00.000Z,37,,8.29,,8.87,11.24,17.07,,14.35,17.14,,,,,,,,,,,29.23,63.97,,,5.532084,-0.214926
A4ZTW82Y,2019-05-04T22:00:00.000Z,40,,9.16,,9.5,12.41,19.2,,14.51,19.26,,,,,,,,,,,29.23,64.44,,,5.532084,-0.214926
A4ZTW82Y,2019-05-04T20:00:00.000Z,37,,8.47,,8.77,11.06,17.89,,12.94,17.93,,,,,,,,,,,29,64.59,,,5.532084,-0.214926
A4ZTW82Y,2019-05-04T18:00:00.000Z,23,,3.63,,5.5,4.96,9.32,,6.25,9.35,,,,,,,,,,,29.08,62.15,,,5.532084,-0.214926
A4ZTW82Y,2019-05-04T17:00:00.000Z,22,,3.47,,5.24,4.47,9.09,,5.94,9.12,,,,,,,,,,,29.09,62.05,,,5.532084,-0.214926
A4ZTW82Y,2019-05-04T15:00:00.000Z,24,,3.71,,5.78,5.47,10.05,,7.41,10.08,,,,,,,,,,,28.93,62.29,,,5.532084,-0.214926
A4ZTW82Y,2019-05-04T14:00:00.000Z,27,,4.47,,6.47,6.76,11.83,,7.82,11.86,,,,,,,,,,,29.04,61.55,,,5.532084,-0.214926
A4ZTW82Y,2019-05-04T13:00:00.000Z,29,,5.84,,6.9,7.56,13.42,,9.26,13.46,,,,,,,,,,,29.18,61.28,,,5.532084,-0.214926
A4ZTW82Y,2019-05-04T12:00:00.000Z,26,,4.41,,6.31,6.47,11.22,,7.94,11.27,,,,,,,,,,,29.23,63.56,,,5.532084,-0.214926
A4ZTW82Y,2019-05-04T11:00:00.000Z,25,,4.24,,5.93,5.76,10.08,,7.76,10.13,,,,,,,,,,,29.16,63.21,,,5.532084,-0.214926
A4ZTW82Y,2019-05-04T10:00:00.000Z,25,,4.15,,6.04,5.97,10.25,,8.41,10.31,,,,,,,,,,,29.24,65.24,,,5.532084,-0.214926
A4ZTW82Y,2019-05-04T09:00:00.000Z,20,,2,,4.7,3.47,6.56,,5.71,6.64,,,,,,,,,,,29.16,65.25,,,5.532084,-0.214926
A4ZTW82Y,2019-05-04T08:00:00.000Z,22,,3.18,,5.21,4.41,8.45,,6.82,8.49,,,,,,,,,,,29.11,65.76,,,5.532084,-0.214926
A4ZTW82Y,2019-05-04T06:00:00.000Z,33,,6.84,,8.04,9.69,15.54,,13.41,15.62,,,,,,,,,,,29.27,62.18,,,5.532084,-0.214926
A4ZTW82Y,2019-05-04T04:00:00.000Z,32,,6,,7.7,9.06,13.5,,11.06,13.57,,,,,,,,,,,29.14,61.75,,,5.532084,-0.214926
A4ZTW82Y,2019-05-04T00:00:00.000Z,24,,4,,5.81,5.53,9.47,,7.24,9.53,,,,,,,,,,,29.11,60.64,,,5.532084,-0.214926
A4ZTW82Y,2019-05-03T23:00:00.000Z,24,,3.94,,5.78,5.47,9.79,,7.82,9.84,,,,,,,,,,,29.13,59.57,,,5.532084,-0.214926
A4ZTW82Y,2019-05-03T20:00:00.000Z,23,,4,,5.52,5,9.52,,5.71,9.54,,,,,,,,,,,29.03,59.8,,,5.532084,-0.214926
A4ZTW82Y,2019-05-03T19:00:00.000Z,21,,3,,5.08,4.18,8.07,,4.94,8.09,,,,,,,,,,,29.07,57.05,,,5.532084,-0.214926
A4ZTW82Y,2019-05-03T18:00:00.000Z,27,,4.71,,6.47,6.76,11.22,,8.47,11.27,,,,,,,,,,,29.2,57.19,,,5.532084,-0.214926
A4ZTW82Y,2019-05-03T17:00:00.000Z,23,,3.25,,5.6,5.14,9.03,,7.1,9.09,,,,,,,,,,,29.63,54.56,,,5.532084,-0.214926
A4ZTW82Y,2019-05-03T16:00:00.000Z,22,,3.24,,5.27,4.53,8.55,,7.82,8.61,,,,,,,,,,,29.45,54.67,,,5.532084,-0.214926
A4ZTW82Y,2019-05-03T15:00:00.000Z,22,,2.76,,5.27,4.53,7.75,,7.24,7.82,,,,,,,,,,,29.11,53.46,,,5.532084,-0.214926
A4ZTW82Y,2019-05-03T13:00:00.000Z,21,,3.24,,5.02,4.06,8.73,,5.94,8.78,,,,,,,,,,,28.72,50,,,5.532084,-0.214926
A4ZTW82Y,2019-05-03T12:00:00.000Z,27,,4.76,,6.44,6.71,11.81,,9.12,11.85,,,,,,,,,,,28.81,53.22,,,5.532084,-0.214926
A4ZTW82Y,2019-05-03T10:00:00.000Z,34,,6.92,,8.09,9.78,15.09,,12.73,15.16,,,,,,,,,,,29.75,52.1,,,5.532084,-0.214926
A4ZTW82Y,2019-05-03T09:00:00.000Z,41,,8.67,,9.72,12.82,18.6,,16.98,18.7,,,,,,,,,,,30.19,56.55,,,5.532084,-0.214926
A4ZTW82Y,2019-05-03T07:00:00.000Z,47,,11.24,,11.4,15.94,23.07,,19.71,23.18,,,,,,,,,,,30.71,64.66,,,5.532084,-0.214926
A4ZTW82Y,2019-05-03T06:00:00.000Z,37,,7.59,,8.77,11.06,16.82,,14.76,16.91,,,,,,,,,,,30.72,69.28,,,5.532084,-0.214926
A4ZTW82Y,2019-05-03T04:00:00.000Z,28,,5.31,,6.8,7.39,12.28,,10.04,12.35,,,,,,,,,,,30.85,69.02,,,5.532084,-0.214926
A4ZTW82Y,2019-05-03T03:00:00.000Z,31,,6.16,,7.54,8.76,13.94,,11.73,14.03,,,,,,,,,,,30.71,68.31,,,5.532084,-0.214926
A4ZTW82Y,2019-05-03T02:00:00.000Z,35,,7.07,,8.37,10.3,15.58,,12.3,15.63,,,,,,,,,,,30.68,67.91,,,5.532084,-0.214926
A4ZTW82Y,2019-05-02T23:00:00.000Z,21,,2.67,,5,4.02,8.19,,5.44,8.23,,,,,,,,,,,30.67,66.31,,,5.532084,-0.214926
A4ZTW82Y,2019-05-02T22:00:00.000Z,20,,2.93,,4.74,3.53,7.74,,4.23,7.77,,,,,,,,,,,30.54,65.9,,,5.532084,-0.214926
A4ZTW82Y,2019-05-02T21:00:00.000Z,20,,2.58,,4.81,3.66,7.99,,5.63,8.03,,,,,,,,,,,30.36,65.44,,,5.532084,-0.214926
A4ZTW82Y,2019-05-02T20:00:00.000Z,23,,3.77,,5.52,5,9.84,,7.29,9.88,,,,,,,,,,,30.16,65.23,,,5.532084,-0.214926
A4ZTW82Y,2019-05-02T19:00:00.000Z,27,,5,,6.6,7,12.15,,8.47,12.21,,,,,,,,,,,29.99,64.59,,,5.532084,-0.214926
A4ZTW82Y,2019-05-02T08:00:00.000Z,55,,14.24,,13.96,20.71,29.33,,26.52,29.49,,,,,,,,,,,30.71,60.87,,,5.532084,-0.214926